region_name;year;criminality;salary;unemployee
Алтайский край;2010;1,980848675;12050,7;4,560774436
Алтайский край;2011;1,862957003;13822,6;4,278831685
Алтайский край;2012;1,752067216;16009,7;3,0955185
Алтайский край;2013;1,880156713;18011,3;4,00009354
Алтайский край;2014;1,846778838;19456;3,492445738
Алтайский край;2015;2,040580596;20090;3,980984487
Алтайский край;2016;1,879870632;21202;4,202254782
Алтайский край;2017;1,698771778;22743;3,315987243
Алтайский край;2018;1,640566709;45635;3,002416882
Алтайский край;2019;1,593904127;49932;2,844407895
Амурская область;2010;2,222817998;21207,5;3,556580931
Амурская область;2011;2,192542858;24202,1;3,268392891
Амурская область;2012;2,185440164;26789;2,771593184
Амурская область;2013;2,077040527;30541,7;3,152964472
Амурская область;2014;2,128620283;32397;2,901407895
Амурская область;2015;2,410925734;32902;2,974692398
Амурская область;2016;2,32120639;33837;3,059149953
Амурская область;2017;2,312870584;37368;3,035666077
Амурская область;2018;2,203543815;42315;2,861867609
Амурская область;2019;2,464316799;47234;2,763703246
Архангельская область;2010;1,952182692;22192,1;3,700496919
Архангельская область;2011;1,969722943;24611,4;3,176162867
Архангельская область;2012;1,8515391;28531,3;2,826608517
Архангельская область;2013;1,727594734;32465,3;3,191121433
Архангельская область;2014;1,605653301;35572;3,733556537
Архангельская область;2015;1,892846447;38300;3,547888735
Архангельская область;2016;1,709014509;40790;3,605136788
Архангельская область;2017;1,6540143;42950;3,27407447
Архангельская область;2018;1,64948059;48307;3,198054236
Архангельская область;2019;1,679342855;52434;3,064121081
Астраханская область;2010;2,574171591;16582,1;4,261421272
Астраханская область;2011;2,240943672;17022,8;4,625508452
Астраханская область;2012;2,044743426;19522,1;4,043055739
Астраханская область;2013;1,70364212;22735,8;3,925419976
Астраханская область;2014;1,550590734;24576;3,895467866
Астраханская область;2015;1,448493857;25499;3,888206942
Астраханская область;2016;1,363735416;27493;3,923254668
Астраханская область;2017;1,319203685;29599;3,927066658
Астраханская область;2018;1,321828331;33630;3,802951397
Астраханская область;2019;1,298117482;36093;3,817217929
Белгородская область;2010;1,099299182;15938,4;2,647207988
Белгородская область;2011;1,036036065;17667,6;2,162541968
Белгородская область;2012;0,967677567;20002,1;1,915206018
Белгородская область;2013;0,967880374;22220,9;2,089338016
Белгородская область;2014;0,924695768;23895;2,09977607
Белгородская область;2015;1,019472098;25456;2,118154699
Белгородская область;2016;0,883983242;27091;2,097131808
Белгородская область;2017;0,821467477;29066;2,071717256
Белгородская область;2018;0,849967746;31852;2,104094736
Белгородская область;2019;0,917467338;34615;2,063122786
Брянская область;2010;1,832550449;12325,6;4,052314421
Брянская область;2011;1,532973458;13912;3,580639192
Брянская область;2012;1,487878473;16530;2,593243588
Брянская область;2013;1,527082071;18973,9;2,67095147
Брянская область;2014;1,381517876;20911;2,573581985
Брянская область;2015;1,409130102;21679;2,356793076
Брянская область;2016;1,293479461;22923;2,343159177
Брянская область;2017;1,188314103;24743;2,221827406
Брянская область;2018;1,185068813;27251;1,989824019
Брянская область;2019;1,201080965;29853;1,877143519
Владимирская область;2010;1,775086115;14484,4;3,226536216
Владимирская область;2011;1,658926957;16313,9;3,082912934
Владимирская область;2012;1,524560969;18343,4;2,388009282
Владимирская область;2013;1,314962424;20927,3;2,059073135
Владимирская область;2014;1,334334184;22581;2,331377748
Владимирская область;2015;1,523344679;23877;3,016005537
Владимирская область;2016;1,37349171;25135;2,939608134
Владимирская область;2017;1,3191779;26975;2,554177553
Владимирская область;2018;1,258171042;30460;2,465251434
Владимирская область;2019;1,232426162;33076;2,131692741
Волгоградская область;2010;1,730978786;14856,1;4,036677921
Волгоградская область;2011;1,538426051;16191,5;3,534185644
Волгоградская область;2012;1,511946708;18583,7;3,107210205
Волгоградская область;2013;1,417161996;21045,9;3,459075551
Волгоградская область;2014;1,420729298;22828;3,37905504
Волгоградская область;2015;1,634069022;24361;3,710241187
Волгоградская область;2016;1,524933381;26554;3,463277926
Волгоградская область;2017;1,577422071;27962;3,036659113
Волгоградская область;2018;1,532736343;30894;2,85874279
Волгоградская область;2019;1,645359129;33371;2,650491823
Вологодская область;2010;2,026848122;18536,4;4,251907199
Вологодская область;2011;2,107648508;20250,3;3,928015415
Вологодская область;2012;1,98985945;22648,9;3,093026305
Вологодская область;2013;2,044639068;25126,6;3,19589415
Вологодская область;2014;2,051686392;26749;2,922856256
Вологодская область;2015;2,457651131;27445;3,510245538
Вологодская область;2016;2,169386552;29303;3,390446569
Вологодская область;2017;1,736207016;31651;2,618883412
Вологодская область;2018;1,524141338;35497;2,496670793
Вологодская область;2019;1,522748886;39116;2,181982494
Воронежская область;2010;1,176648456;14337,3;3,718265655
Воронежская область;2011;1,158387045;16054,7;3,238614787
Воронежская область;2012;1,187588537;19538,1;2,77063951
Воронежская область;2013;1,306495174;21825,2;2,324279683
Воронежская область;2014;1,448336154;24001;2,263811167
Воронежская область;2015;1,684937521;24906;2,229804589
Воронежская область;2016;1,472299816;26335;2,238563974
Воронежская область;2017;1,395149808;28007;2,191778592
Воронежская область;2018;1,257425042;31207;1,85743491
Воронежская область;2019;1,324498186;33690;1,800032932
Еврейская АО;2010;2,271892188;19718;4,618402383
Еврейская АО;2011;2,120816392;22927,5;4,330023894
Еврейская АО;2012;2,184498188;25067;4,286595099
Еврейская АО;2013;1,864462116;27357,7;4,283365593
Еврейская АО;2014;2,045792693;29439;4,423989798
Еврейская АО;2015;2,166906836;30896;4,014517797
Еврейская АО;2016;2,073028232;32165;4,174512166
Еврейская АО;2017;2,214388622;34409;4,208074058
Еврейская АО;2018;2,275664124;39242;3,456673542
Еврейская АО;2019;2,234317355;42400;3,006115305
Забайкальский край;2010;2,617546255;18684,5;5,314726734
Забайкальский край;2011;2,764389835;21099,6;5,162159099
Забайкальский край;2012;2,851318075;24218,5;5,131315377
Забайкальский край;2013;3,202999386;27279,4;5,124195041
Забайкальский край;2014;2,952526316;29319;4,931958733
Забайкальский край;2015;3,075197815;30931;5,131902793
Забайкальский край;2016;2,743575844;32654;5,327669431
Забайкальский край;2017;2,508797335;34848;5,327941228
Забайкальский край;2018;2,276357529;42647;5,096904879
Забайкальский край;2019;2,218130082;46387;4,579286412
Ивановская область;2010;1,770857222;13123,3;3,965513352
Ивановская область;2011;1,627795216;14436,2;3,47175316
Ивановская область;2012;1,516879204;16998,1;3,327624035
Ивановская область;2013;1,386745898;18981,5;2,741848829
Ивановская область;2014;1,430164805;20592;2,205438357
Ивановская область;2015;1,465393943;21161;2,992527391
Ивановская область;2016;1,403306758;22144;2,91036372
Ивановская область;2017;1,56471438;23470;2,494533363
Ивановская область;2018;1,390511119;25729;2,193353959
Ивановская область;2019;1,388487764;27553;1,94502212
Иркутская область;2010;2,706628784;20475,6;5,230402782
Иркутская область;2011;2,41072908;22647,7;4,736714982
Иркутская область;2012;2,480573129;25880,8;4,034970432
Иркутская область;2013;2,359239183;29049,9;4,315162423
Иркутская область;2014;2,199841184;31408;4,538429358
Иркутская область;2015;2,218525049;32704;4,270553007
Иркутская область;2016;1,949893191;35510;4,569342763
Иркутская область;2017;1,912531975;38086;4,376808607
Иркутская область;2018;1,873027627;35686;3,720190806
Иркутская область;2019;1,918121611;39076;3,20879958
Кабардино-Балкарская Респ.;2010;1,083537672;11663,2;5,609037739
Кабардино-Балкарская Респ.;2011;0,964015517;13011,5;4,510452325
Кабардино-Балкарская Респ.;2012;1,024208241;16314,4;3,968428589
Кабардино-Балкарская Респ.;2013;1,009466955;18623,6;5,145742665
Кабардино-Балкарская Респ.;2014;0,916872976;20323;4,793427274
Кабардино-Балкарская Респ.;2015;1,003735423;20866;5,018444959
Кабардино-Балкарская Респ.;2016;0,888511549;21532;5,150031158
Кабардино-Балкарская Респ.;2017;0,77779319;22782;5,240307927
Кабардино-Балкарская Респ.;2018;0,764413878;25776;5,431033587
Кабардино-Балкарская Респ.;2019;0,863730912;27466;5,503733494
Калининградская область;2010;1,792439485;18455,4;5,575887525
Калининградская область;2011;1,608793722;19911,1;5,057131662
Калининградская область;2012;1,581957627;21526;4,082420403
Калининградская область;2013;1,51425881;25104,2;3,092024514
Калининградская область;2014;1,612051725;26639;2,977632304
Калининградская область;2015;1,696530553;28262;3,130901797
Калининградская область;2016;1,347531462;29451;3,206603149
Калининградская область;2017;1,739751158;30580;2,713268695
Калининградская область;2018;1,375611984;33385;2,47047252
Калининградская область;2019;1,48022185;35637;2,365118742
Калужская область;2010;1,77641778;17681,6;3,715468835
Калужская область;2011;1,495573554;20000,8;3,094149954
Калужская область;2012;1,468159423;23709,6;2,342520213
Калужская область;2013;1,564774418;25756,6;2,466308149
Калужская область;2014;1,668263004;28248;2,221604641
Калужская область;2015;1,803532024;29939;2,271096068
Калужская область;2016;1,599828487;31667;2,244482405
Калужская область;2017;1,740541149;34332;2,132207314
Калужская область;2018;1,676052269;38197;2,120367879
Калужская область;2019;1,550232709;41442;1,970917853
Камчатский край;2010;1,688832922;35747,6;4,111509497
Камчатский край;2011;1,662475421;39325,9;3,641553472
Камчатский край;2012;1,663482669;43551,9;3,414993507
Камчатский край;2013;1,59366158;48628,8;3,360649082
Камчатский край;2014;1,562627525;53167;3,608671359
Камчатский край;2015;1,808065881;57404;2,664418425
Камчатский край;2016;1,857194489;61159;2,39488685
Камчатский край;2017;1,946741469;65807;2,427477137
Камчатский край;2018;1,896940715;73896;2,781629694
Камчатский край;2019;1,840901271;80448;2,180534492
Карачаево-Черкесская Респ.;2010;0,915901488;11345,6;5,02988875
Карачаево-Черкесская Респ.;2011;0,831866364;12446,9;4,818102757
Карачаево-Черкесская Респ.;2012;0,777373959;15510,8;4,468368339
Карачаево-Черкесская Респ.;2013;0,76565125;17857,8;4,704560563
Карачаево-Черкесская Респ.;2014;0,728726656;19746;6,3139979
Карачаево-Черкесская Респ.;2015;0,865020878;20511;7,003210739
Карачаево-Черкесская Респ.;2016;0,753347677;21546;6,622994338
Карачаево-Черкесская Респ.;2017;0,869056196;22638;6,074816454
Карачаево-Черкесская Респ.;2018;0,872655784;25430;5,551859276
Карачаево-Черкесская Респ.;2019;0,977991434;26955;5,111417561
Кемеровская область-Кузбасс;2010;2,374897411;18027,8;4,548971508
Кемеровская область-Кузбасс;2011;2,444411225;20478,8;4,13357271
Кемеровская область-Кузбасс;2012;2,385825003;23403,2;3,599708589
Кемеровская область-Кузбасс;2013;2,307961148;25325,8;3,116613062
Кемеровская область-Кузбасс;2014;2,271084468;26809;3,223262001
Кемеровская область-Кузбасс;2015;2,303523782;28263;3,877178226
Кемеровская область-Кузбасс;2016;2,152928147;30115;3,970021027
Кемеровская область-Кузбасс;2017;2,111804461;32648;3,518205977
Кемеровская область-Кузбасс;2018;1,977563599;32613;3,014081233
Кемеровская область-Кузбасс;2019;2,016762595;35368;2,654371346
Кировская область;2010;1,598617845;13292,6;4,719909343
Кировская область;2011;1,520546959;14579;4,407591185
Кировская область;2012;1,604010593;16932,3;3,686904748
Кировская область;2013;1,655661622;19291,1;2,908890702
Кировская область;2014;1,69182779;20978;2,627101211
Кировская область;2015;1,985762285;22118;2,785817016
Кировская область;2016;1,680082869;23404;2,815818888
Кировская область;2017;1,642224502;25215;2,767540143
Кировская область;2018;1,593287171;27932;2,674706282
Кировская область;2019;1,507983792;30213;2,400779638
Костромская область;2010;1,480292385;13525,8;3,201750129
Костромская область;2011;1,394113342;14890,5;2,724228178
Костромская область;2012;1,264663034;16895,5;2,537806625
Костромская область;2013;1,163998315;19156,5;2,593032432
Костромская область;2014;1,220801692;20867;2,219140083
Костромская область;2015;1,426514734;21796;2,643049684
Костромская область;2016;1,350868877;22989;2,787917587
Костромская область;2017;1,370985226;24554;2,686375321
Костромская область;2018;1,244580631;27724;2,240682434
Костромская область;2019;1,299649786;31421;1,979616732
Краснодарский край;2010;1,26023772;16329,9;3,315556356
Краснодарский край;2011;1,262090252;18416;2,914233748
Краснодарский край;2012;1,242792504;21409,2;2,765255245
Краснодарский край;2013;1,195049361;24062,6;2,981428395
Краснодарский край;2014;1,27024365;25777;2,740107806
Краснодарский край;2015;1,368580227;26767;2,962871241
Краснодарский край;2016;1,290223287;28734;2,877467309
Краснодарский край;2017;1,211021943;30343;2,825001942
Краснодарский край;2018;1,210844201;33846;2,583886778
Краснодарский край;2019;1,264392827;36133;2,386499955
Красноярский край;2010;2,508284237;23254,2;3,42821335
Красноярский край;2011;2,226272607;25658,6;3,191636524
Красноярский край;2012;2,06108495;28672,4;2,953664728
Красноярский край;2013;2,064540037;31622,6;3,021361982
Красноярский край;2014;1,973498761;34178;2,671694112
Красноярский край;2015;2,175690824;36071;3,260951202
Красноярский край;2016;1,994081985;38474;3,141389706
Красноярский край;2017;1,776314737;41117;2,963804697
Красноярский край;2018;1,596446375;38023;2,545264586
Красноярский край;2019;1,621175274;41770;2,320026201
Курганская область;2010;2,561130702;13227,9;6,051343004
Курганская область;2011;2,391589052;14833,1;4,919349656
Курганская область;2012;2,251038427;17180,3;4,231822054
Курганская область;2013;2,182078908;19408,5;3,76934448
Курганская область;2014;2,338345081;21172;3,427893681
Курганская область;2015;2,571908691;22064;3,675788671
Курганская область;2016;2,255591777;23335;4,015846135
Курганская область;2017;2,103261503;25433;4,319370034
Курганская область;2018;2,07827948;28159;3,646868654
Курганская область;2019;2,058048001;30632;3,416641294
Курская область;2010;1,620339037;14006,5;4,207130907
Курская область;2011;1,504443287;16240,8;3,21420784
Курская область;2012;1,346915242;18690;2,579943806
Курская область;2013;1,179977643;21234,2;2,374252629
Курская область;2014;1,184906815;23099;2,014672489
Курская область;2015;1,271478093;23921;2,145887451
Курская область;2016;1,086979783;25327;2,178150547
Курская область;2017;1,060170768;27274;2,097554655
Курская область;2018;1,098872418;29937;2,073457956
Курская область;2019;1,194275294;32709;2,038038071
Ленинградская область;2010;1,658368108;20768,3;2,913638321
Ленинградская область;2011;1,428824662;23302,6;2,445888299
Ленинградская область;2012;1,190057394;26309,9;1,820752806
Ленинградская область;2013;1,145984587;29358,3;2,327928773
Ленинградская область;2014;1,101748739;31851;2,440143479
Ленинградская область;2015;1,143485419;33996;2,748596386
Ленинградская область;2016;0,982140557;36319;2,481088123
Ленинградская область;2017;1,02109641;39333;2,501350627
Ленинградская область;2018;1,183991401;43631;2,172990445
Ленинградская область;2019;1,305838381;46387;2,008895363
Липецкая область;2010;1,384968911;15429,8;2,36773747
Липецкая область;2011;1,315344863;17010,4;2,555752025
Липецкая область;2012;1,158172798;19416,6;1,940940232
Липецкая область;2013;1,143274499;21390,5;1,933334539
Липецкая область;2014;1,064316323;23133;1,896077717
Липецкая область;2015;1,245139281;24524;2,083183878
Липецкая область;2016;1,069837401;26214;2,043061626
Липецкая область;2017;1,100405737;28455;2,002148783
Липецкая область;2018;1,076088075;31622;1,997614892
Липецкая область;2019;1,066914951;34312;1,954536337
Магаданская область;2010;2,253956784;36582;3,599612086
Магаданская область;2011;2,070619707;41933,7;2,923303474
Магаданская область;2012;2,107911512;49667,3;2,203073875
Магаданская область;2013;2,304820431;57121,1;1,881256814
Магаданская область;2014;2,064467696;62152;1,94917924
Магаданская область;2015;2,247839791;65996;2,71860225
Магаданская область;2016;2,045793996;69769;2,722701051
Магаданская область;2017;1,913277636;75710;3,302492578
Магаданская область;2018;2,068511107;85631;3,110126662
Магаданская область;2019;2,050593144;94856;2,793355652
Московская область;2010;1,620093158;25417,4;1,847545671
Московская область;2011;1,647219412;28585,6;2,146524976
Московская область;2012;1,561778956;32302,5;1,661642315
Московская область;2013;1,511496785;35690,3;1,523455856
Московская область;2014;1,267845149;38598;1,460233595
Московская область;2015;1,225907258;40643;1,77729954
Московская область;2016;1,197887739;42656;1,806402826
Московская область;2017;1,129601723;46836;1,745364428
Московская область;2018;1,063349399;51938;1,461706497
Московская область;2019;1,007801571;55555;1,490218443
Мурманская область;2010;2,112630989;29307,8;5,24920287
Мурманская область;2011;2,018932709;32341,6;5,130642772
Мурманская область;2012;1,833649165;36187,9;4,63047742
Мурманская область;2013;1,716065425;40225,1;4,34856032
Мурманская область;2014;1,675753803;43378;3,989233337
Мурманская область;2015;2,428077558;45989;4,624548236
Мурманская область;2016;1,981981745;48986;4,518249866
Мурманская область;2017;1,690471527;51932;4,090192009
Мурманская область;2018;1,609603546;58045;3,85612262
Мурманская область;2019;1,627034801;63715;3,073466993
Нижегородская область;2010;2,431215201;16327,6;4,151204469
Нижегородская область;2011;1,986919412;18492,4;3,896680433
Нижегородская область;2012;1,676264668;20958,8;2,977566608
Нижегородская область;2013;1,434928909;23572,9;2,308480346
Нижегородская область;2014;1,177099074;25497;2,295648458
Нижегородская область;2015;1,261073093;26481;2,302100768
Нижегородская область;2016;1,236574175;28399;2,3442297
Нижегородская область;2017;1,299721834;30387;2,319642654
Нижегородская область;2018;1,291226094;32949;2,262731236
Нижегородская область;2019;1,340974855;35212;2,225764581
Новгородская  область;2010;1,840951706;16750,8;3,017695958
Новгородская  область;2011;1,773083911;18636,5;2,617251173
Новгородская  область;2012;2,017996148;21297,4;2,191299472
Новгородская  область;2013;1,896680729;23493,8;2,498626116
Новгородская  область;2014;2,065856009;25225;1,926950558
Новгородская  область;2015;2,117314245;26346;2,405066778
Новгородская  область;2016;1,951780312;27914;2,542394961
Новгородская  область;2017;1,821660085;29311;2,450537245
Новгородская  область;2018;1,804317634;31462;2,157325493
Новгородская  область;2019;1,823025028;32174;1,832717526
Новосибирская область;2010;2,490475892;18229,7;4,11039069
Новосибирская область;2011;2,112368232;20308,5;3,694486869
Новосибирская область;2012;1,901813865;23245,8;2,99251972
Новосибирская область;2013;1,813721778;25527,9;3,094270596
Новосибирская область;2014;1,699417086;27214;2,687114047
Новосибирская область;2015;1,934014853;28046;3,590087452
Новосибирская область;2016;1,631277392;30151;3,88477229
Новосибирская область;2017;1,592880114;32287;3,05523809
Новосибирская область;2018;1,709065478;41901;3,447187433
Новосибирская область;2019;1,795815618;45526;3,107865899
Омская область;2010;1,684718059;16708,2;4,31637674
Омская область;2011;1,511117635;19087,8;4,242872111
Омская область;2012;1,538288555;21931,2;3,64429331
Омская область;2013;1,471886034;24847,9;3,668417826
Омская область;2014;1,468298289;26205;3,549441835
Омская область;2015;1,554143811;27234;3,624128303
Омская область;2016;1,485745409;28163;3,829368072
Омская область;2017;1,447684122;29751;3,670039697
Омская область;2018;1,379360158;51667;3,550570477
Омская область;2019;1,284882429;56437;3,374857267
Оренбургская область;2010;1,692090909;15199,6;3,779710031
Оренбургская область;2011;1,530493726;17024,9;3,256540676
Оренбургская область;2012;1,416572808;19270,8;2,77170617
Оренбургская область;2013;1,348489261;21592,8;2,614238448
Оренбургская область;2014;1,377318267;23469;2,312605807
Оренбургская область;2015;1,539688959;24591;2,445073316
Оренбургская область;2016;1,366848478;26209;2,510071911
Оренбургская область;2017;1,371811818;27445;2,303375488
Оренбургская область;2018;1,331124604;30371;2,267093796
Оренбургская область;2019;1,366993874;32883;2,101003051
Орловская область;2010;1,730498323;13174,2;4,494228294
Орловская область;2011;1,610084793;14528,6;3,117672512
Орловская область;2012;1,699177834;16888;2,686008531
Орловская область;2013;1,5800192;19272,5;2,972563145
Орловская область;2014;1,52213902;20885;2,600299113
Орловская область;2015;1,542345651;21772;3,12875832
Орловская область;2016;1,2298156;23127;3,263177633
Орловская область;2017;1,17811382;24811;3,271769075
Орловская область;2018;1,209783738;27476;2,445799859
Орловская область;2019;1,216457135;29683;2,514110984
Пензенская область;2010;1,222869739;14423,6;3,178337571
Пензенская область;2011;1,084496389;16362,2;2,694106669
Пензенская область;2012;1,000511439;19126,2;2,513773151
Пензенская область;2013;0,949566986;20644,8;2,460168457
Пензенская область;2014;0,988143748;22392;2,398788898
Пензенская область;2015;1,021919727;23192;2,428187176
Пензенская область;2016;0,915832475;25337;2,430126792
Пензенская область;2017;0,884264521;26238;2,283271397
Пензенская область;2018;0,968315573;28968;2,292362014
Пензенская область;2019;0,985110147;30765;2,159954811
Пермский край;2010;2,780468153;17438,3;4,418420796
Пермский край;2011;2,218354055;18773,3;3,952912877
Пермский край;2012;2,440740103;21820,9;3,225655745
Пермский край;2013;2,150071263;24715,5;3,285650102
Пермский край;2014;1,969170062;27102;2,837297983
Пермский край;2015;2,209301443;28528;3,098242605
Пермский край;2016;1,901678266;30651;2,904582279
Пермский край;2017;1,67433587;32952;2,947927184
Пермский край;2018;1,61278674;35802;2,586473394
Пермский край;2019;1,648771799;39210;2,415864693
Приморский край;2010;2,599163707;21888,7;5,189651116
Приморский край;2011;2,337944298;24423;4,355142945
Приморский край;2012;2,466399812;27444,6;3,738365712
Приморский край;2013;2,699999846;29965,7;3,90068604
Приморский край;2014;2,523153182;32431;3,767838501
Приморский край;2015;2,454900117;33807;3,802122871
Приморский край;2016;2,033890913;35677;3,262200282
Приморский край;2017;1,909152713;38045;2,935806506
Приморский край;2018;1,720498753;42199;2,917850574
Приморский край;2019;1,636661642;46867;2,714378456
Псковская область;2010;1,81973508;14498,2;4,989934701
Псковская область;2011;1,688990253;15721,2;4,94202643
Псковская область;2012;1,567416525;18202,9;3,497216259
Псковская область;2013;1,410096308;19742,7;3,709829402
Псковская область;2014;1,357839081;21004;3,412798069
Псковская область;2015;1,686959819;21553;3,571841459
Псковская область;2016;1,474228932;22399;3,461287133
Псковская область;2017;1,295055173;23659;3,254842771
Псковская область;2018;1,257783155;26871;2,86748655
Псковская область;2019;1,306933468;29441;2,556690588
Республика Адыгея;2010;1,062642237;12787,4;4,334461756
Республика Адыгея;2011;1,034921225;14344,9;3,889907591
Республика Адыгея;2012;0,919206361;16715,2;3,72891982
Республика Адыгея;2013;0,88818042;19276;3,724924507
Республика Адыгея;2014;0,903331271;20945;3,867687092
Республика Адыгея;2015;1,100982624;22087;3,930716705
Республика Адыгея;2016;1,025370119;23109;4,029644889
Республика Адыгея;2017;0,885367613;24490;3,871001895
Республика Адыгея;2018;0,904285777;27469;3,802581157
Республика Адыгея;2019;1,026115947;30192;3,583016463
Республика Алтай;2010;2,482544985;14235,8;5,955097641
Республика Алтай;2011;2,371817735;15632,4;6,1760765
Республика Алтай;2012;2,261384531;18264,6;5,489409461
Республика Алтай;2013;2,143188906;20721,9;5,450865901
Республика Алтай;2014;2,044443609;22598;4,801715301
Республика Алтай;2015;2,480051858;22903;4,513339956
Республика Алтай;2016;2,236167416;25083;5,497861943
Республика Алтай;2017;2,128852828;26316;5,409704186
Республика Алтай;2018;2,10652556;30953;4,94040208
Республика Алтай;2019;1,944206556;33387;4,768499116
Республика Башкортостан;2010;1,776201596;16377,7;4,469531228
Республика Башкортостан;2011;1,683092992;18397;3,899964726
Республика Башкортостан;2012;1,610249197;20264,7;3,048441134
Республика Башкортостан;2013;1,288408042;22377,4;2,852439668
Республика Башкортостан;2014;1,304668986;24988;2,576838545
Республика Башкортостан;2015;1,742295577;25928;3,02780899
Республика Башкортостан;2016;1,605866575;28108;2,850196288
Республика Башкортостан;2017;1,500467881;30358;2,74254317
Республика Башкортостан;2018;1,415477079;33753;2,366489958
Республика Башкортостан;2019;1,368424592;36465;2,071687083
Республика Бурятия;2010;2,731198925;17999,7;5,083058943
Республика Бурятия;2011;2,484600562;19924;4,284358453
Республика Бурятия;2012;2,41941128;23100,7;3,755146151
Республика Бурятия;2013;2,4428603;26037,7;3,803214317
Республика Бурятия;2014;2,519215265;27739;3,942010517
Республика Бурятия;2015;2,83530313;28386;4,322365918
Республика Бурятия;2016;2,387996855;29969;4,424695055
Республика Бурятия;2017;2,398605334;32237;4,303876171
Республика Бурятия;2018;2,389593969;35779;4,285840606
Республика Бурятия;2019;2,247705677;39673;4,048429622
Республика Дагестан;2010;0,402561871;10243,5;6,519392657
Республика Дагестан;2011;0,429452429;11235,8;5,891745137
Республика Дагестан;2012;0,464461402;13659,6;5,285439389
Республика Дагестан;2013;0,473878637;16834,7;5,16948361
Республика Дагестан;2014;0,464102509;18194;4,540257374
Республика Дагестан;2015;0,503826987;19239;4,672570733
Республика Дагестан;2016;0,521992353;20629;4,825804449
Республика Дагестан;2017;0,47849711;21941;5,351614142
Республика Дагестан;2018;0,481592556;25155;5,203697164
Республика Дагестан;2019;0,439794584;26835;5,786911827
Республика Ингушетия;2010;0,466198209;12855,3;21,54678079
Республика Ингушетия;2011;0,457505047;14513,2;21,75267272
Республика Ингушетия;2012;0,410198591;18301,5;22,06501762
Республика Ингушетия;2013;0,390722737;20150,9;19,59511384
Республика Ингушетия;2014;0,354018205;20993;13,77769925
Республика Ингушетия;2015;0,368967446;21481;14,55158071
Республика Ингушетия;2016;0,375558092;22488;14,65431871
Республика Ингушетия;2017;0,331640713;22750;13,95286407
Республика Ингушетия;2018;0,335892612;25367;13,45011437
Республика Ингушетия;2019;0,358404384;27410;13,57237578
Республика Калмыкия;2010;1,400689975;11601;7,593523364
Республика Калмыкия;2011;1,320032245;12559,1;7,359379561
Республика Калмыкия;2012;1,310722982;15040,7;6,675542631
Республика Калмыкия;2013;1,220145471;17470,8;6,2593392
Республика Калмыкия;2014;1,029179643;19341;5,688039475
Республика Калмыкия;2015;1,134636634;20109;5,511909572
Республика Калмыкия;2016;1,06048845;21318;5,515186798
Республика Калмыкия;2017;1,094693916;22919;5,038194984
Республика Калмыкия;2018;1,003178496;26049;4,876126249
Республика Калмыкия;2019;1,028721068;28617;4,504746387
Республика Карелия;2010;2,129327035;20056;5,031363742
Республика Карелия;2011;2,223885951;22173,9;4,431550544
Республика Карелия;2012;1,798820944;24795,8;3,615344967
Республика Карелия;2013;1,744312265;27503,3;4,246412424
Республика Карелия;2014;1,997733114;29371;4,168166348
Республика Карелия;2015;2,486993112;30704;4,550034537
Республика Карелия;2016;2,142318426;33061;4,802554743
Республика Карелия;2017;1,807507567;34434;4,384242209
Республика Карелия;2018;1,927228348;39402;4,358915245
Республика Карелия;2019;2,00208097;42964;3,675459656
Республика Коми;2010;2,176027915;26139,8;5,750694295
Республика Коми;2011;1,928060224;28897,3;4,582426894
Республика Коми;2012;1,986021822;33971,4;3,55272091
Республика Коми;2013;2,248994976;37716,8;4,029910526
Республика Коми;2014;2,387591435;40222;3,306923554
Республика Коми;2015;2,780066161;41365;3,856025897
Республика Коми;2016;2,230898263;43662;4,737422864
Республика Коми;2017;2,037691318;45689;4,113220576
Республика Коми;2018;2,002745487;50413;3,830397354
Республика Коми;2019;2,057907344;53416;3,520796556
Республика Крым;2010;1,179988157;27026,6;3,084315895
Республика Крым;2011;1,179988157;27026,6;3,084315895
Республика Крым;2012;1,179988157;27026,6;3,084315895
Республика Крым;2013;1,179988157;27026,6;3,084315895
Республика Крым;2014;0,968334383;27026,6;3,084315895
Республика Крым;2015;1,464203994;22440;3,640999184
Республика Крым;2016;1,243534766;24140;3,232237331
Республика Крым;2017;1,13494864;26165;3,05151729
Республика Крым;2018;1,171805361;29640;2,810837657
Республика Крым;2019;1,097101798;32748;2,685988014
Республика Марий Эл;2010;1,78224494;12650,6;5,644827117
Республика Марий Эл;2011;1,56234239;14001,2;5,415169218
Республика Марий Эл;2012;1,373318426;16023;3,435393287
Республика Марий Эл;2013;1,196199659;18359,7;2,777596491
Республика Марий Эл;2014;1,07824899;20473;2,511844897
Республика Марий Эл;2015;1,217505279;21947;2,773756645
Республика Марий Эл;2016;1,052716063;23305;3,109992339
Республика Марий Эл;2017;1,075627498;25440;3,111887498
Республика Марий Эл;2018;1,124815808;28143;2,440574384
Республика Марий Эл;2019;1,14046351;30152;2,261953614
Республика Мордовия;2010;1,019224514;11883,1;2,991901691
Республика Мордовия;2011;0,936507515;13305,1;2,91876367
Республика Мордовия;2012;0,949623484;15186,6;2,725635941
Республика Мордовия;2013;1,031446232;18100,7;2,477923862
Республика Мордовия;2014;1,099046169;20342;2,342073802
Республика Мордовия;2015;1,137135581;22029;2,339851343
Республика Мордовия;2016;1,052107867;23229;2,321667036
Республика Мордовия;2017;0,986862899;24327;2,288054398
Республика Мордовия;2018;0,965911931;26712;2,214849803
Республика Мордовия;2019;1,016585735;28826;2,328561519
Республика Саха (Якутия);2010;1,792867973;28708;4,559129372
Республика Саха (Якутия);2011;1,577544493;34051,5;4,608607429
Республика Саха (Якутия);2012;1,269098207;39915,6;4,180207969
Республика Саха (Якутия);2013;1,133282384;46542;3,918173348
Республика Саха (Якутия);2014;1,12099296;51111;3,903231577
Республика Саха (Якутия);2015;1,236158954;54631;3,833282375
Республика Саха (Якутия);2016;1,287370145;59000;3,643855681
Республика Саха (Якутия);2017;1,286761272;62206;3,680745385
Республика Саха (Якутия);2018;1,236034293;40740;3,570478083
Республика Саха (Якутия);2019;1,277666266;43896;3,549141724
Республика Сев. Осетия-Алания;2010;0,986937265;11817,6;5,164569121
Республика Сев. Осетия-Алания;2011;0,931121229;13376;4,157122838
Республика Сев. Осетия-Алания;2012;0,886263968;15896,7;3,927629078
Республика Сев. Осетия-Алания;2013;0,856960499;18664;3,938302248
Республика Сев. Осетия-Алания;2014;0,84825382;20311;4,143628375
Республика Сев. Осетия-Алания;2015;0,95499406;21267;4,353398902
Республика Сев. Осетия-Алания;2016;1,00013646;22806;4,533307558
Республика Сев. Осетия-Алания;2017;1,017064477;24715;5,604886465
Республика Сев. Осетия-Алания;2018;1,028396535;26958;5,208077567
Республика Сев. Осетия-Алания;2019;1,361375501;28751;5,374016538
Республика Татарстан;2010;1,552283417;17350,1;3,335603997
Республика Татарстан;2011;1,457525379;20009,4;2,499698973
Республика Татарстан;2012;1,352982849;23233,7;2,218662109
Республика Татарстан;2013;1,201550651;26034,5;2,107028109
Республика Татарстан;2014;1,164160969;28294;2,099394457
Республика Татарстан;2015;1,348564936;29147;2,123653151
Республика Татарстан;2016;1,241942527;30224;1,998147532
Республика Татарстан;2017;1,184980698;32324;1,819028796
Республика Татарстан;2018;1,118606241;35172;1,737989599
Республика Татарстан;2019;1,277674749;37418;1,70300234
Республика Тыва;2010;1,94749909;17530;8,957910882
Республика Тыва;2011;1,798930488;19163,1;7,548123172
Республика Тыва;2012;1,910591667;22238,5;7,094132376
Республика Тыва;2013;1,972935618;25087,2;7,558098422
Республика Тыва;2014;2,106353591;27507;7,616508083
Республика Тыва;2015;2,681550399;28322;7,376408457
Республика Тыва;2016;3,441892442;29828;6,710018827
Республика Тыва;2017;3,644712387;31251;7,225701657
Республика Тыва;2018;2,864368115;37874;5,818189697
Республика Тыва;2019;2,646807936;40548;4,429245601
Республика Хакасия;2010;2,204265436;18358,4;4,555945113
Республика Хакасия;2011;2,029086263;20689,5;3,649687154
Республика Хакасия;2012;2,073303541;23466,5;3,900071351
Республика Хакасия;2013;1,975065223;26068,3;2,969345069
Республика Хакасия;2014;2,602357656;29085;3,014928833
Республика Хакасия;2015;2,568391296;29935;2,860584498
Республика Хакасия;2016;2,057238587;32515;3,035785751
Республика Хакасия;2017;2,144381137;33978;2,36648307
Республика Хакасия;2018;2,037851129;25519;2,46479398
Республика Хакасия;2019;1,987986136;27962;2,763749148
Ростовская область;2010;1,386402193;15243,9;3,903552314
Ростовская область;2011;1,318717984;16949,5;3,736539444
Ростовская область;2012;1,231812643;19189,4;3,056091326
Ростовская область;2013;1,219485223;21867,1;3,027784
Ростовская область;2014;1,274351372;23818;2,963966779
Ростовская область;2015;1,468988261;25008;3,074092247
Ростовская область;2016;1,362668583;26689;2,973395709
Ростовская область;2017;1,398825292;28500;2,848195995
Ростовская область;2018;1,316906121;31448;2,593374248
Ростовская область;2019;1,450308816;33757;2,40943546
Рязанская область;2010;0,915698353;15288,9;4,175058911
Рязанская область;2011;0,844761583;16717,7;3,585280838
Рязанская область;2012;0,832320152;19098,4;2,247866215
Рязанская область;2013;0,848656789;21796,5;2,288083014
Рязанская область;2014;0,848401033;24280;2,097719
Рязанская область;2015;0,914924552;25482;2,211656195
Рязанская область;2016;0,844011233;27261;2,107458121
Рязанская область;2017;0,848851577;28819;1,954885078
Рязанская область;2018;0,83628182;31916;1,966532624
Рязанская область;2019;0,922183875;34488;1,901228259
Самарская область;2010;2,105832305;16479,4;3,143273536
Самарская область;2011;1,94249022;18600,3;2,751557849
Самарская область;2012;1,883605602;20799,9;1,867175824
Самарская область;2013;1,622077816;23469,5;1,734429392
Самарская область;2014;1,58007753;25884;1,654207391
Самарская область;2015;1,538142756;26849;1,871141128
Самарская область;2016;1,376111721;28295;2,242398732
Самарская область;2017;1,376510194;30492;2,258115748
Самарская область;2018;1,300420666;33754;2,000767813
Самарская область;2019;1,340338888;36431;2,062248431
Саратовская область;2010;1,516207834;14554;3,395324287
Саратовская область;2011;1,302297756;16204,7;3,112467771
Саратовская область;2012;1,146435257;18803,3;2,752402307
Саратовская область;2013;1,132432614;20668;2,628195692
Саратовская область;2014;1,089551497;22012;2,340038512
Саратовская область;2015;1,194927311;22528;2,370659971
Саратовская область;2016;1,007733771;23548;2,563306507
Саратовская область;2017;1,166805943;24738;2,322968874
Саратовская область;2018;1,184070033;26823;2,461129859
Саратовская область;2019;1,205706283;30717;2,136257354
Сахалинская область;2010;2,175917019;35847,9;5,124366744
Сахалинская область;2011;2,021085734;38770,7;4,617695083
Сахалинская область;2012;2,066952429;44207,6;4,427421002
Сахалинская область;2013;2,506887948;49006,9;4,172389691
Сахалинская область;2014;2,350176023;54896;3,74876457
Сахалинская область;2015;2,310174196;61311;3,638883081
Сахалинская область;2016;2,513353731;64959;3,619409953
Сахалинская область;2017;2,342444088;68496;3,367071566
Сахалинская область;2018;2,040374763;77499;3,011981793
Сахалинская область;2019;1,937837843;87418;2,906859026
Свердловская область;2010;2,240887375;19756,7;4,506060984
Свердловская область;2011;1,79775986;22179,2;3,885101606
Свердловская область;2012;1,659410462;25138,8;3,092831803
Свердловская область;2013;1,603217783;27608,2;3,156600598
Свердловская область;2014;1,610680113;29492;3,201101554
Свердловская область;2015;1,669470023;30691;3,452113884
Свердловская область;2016;1,465560687;32348;3,181417354
Свердловская область;2017;1,347283837;34760;2,746285847
Свердловская область;2018;1,283052774;38052;2,384389501
Свердловская область;2019;1,339078501;41110;2,06884
Смоленская область;2010;2,11599349;14513;4,133601632
Смоленская область;2011;1,855992503;16189,4;4,224980518
Смоленская область;2012;1,737307419;17941,6;3,164030741
Смоленская область;2013;1,519030077;20447,3;2,892003528
Смоленская область;2014;1,423304148;22279;2,784828989
Смоленская область;2015;1,430888729;23470;3,412255254
Смоленская область;2016;1,430775749;25097;3,289936867
Смоленская область;2017;1,366800067;26269;3,136849254
Смоленская область;2018;1,324197341;29397;2,774946715
Смоленская область;2019;1,487068851;31269;2,691703289
Ставропольский край;2010;1,298744252;13949;3,383651914
Ставропольский край;2011;1,245604798;15588,7;2,957925576
Ставропольский край;2012;1,275912033;18446,9;2,662476734
Ставропольский край;2013;1,211718206;20666,9;2,752407573
Ставропольский край;2014;1,196858051;22597;2,610556348
Ставропольский край;2015;1,294716902;23245;2,777433598
Ставропольский край;2016;1,224977613;24655;2,794729913
Ставропольский край;2017;1,13204935;26645;2,50406062
Ставропольский край;2018;1,154520547;29065;2,465262166
Ставропольский край;2019;1,241119551;31836;2,39125558
Тамбовская область;2010;1,259734624;12623,9;3,963916231
Тамбовская область;2011;1,247373684;14292,9;3,308099827
Тамбовская область;2012;1,08687695;16866,3;2,415982253
Тамбовская область;2013;1,09312243;19056;2,298615832
Тамбовская область;2014;1,076592626;20757;2,136200744
Тамбовская область;2015;1,252605651;21725;2,297895221
Тамбовская область;2016;1,165012135;22795;2,259518937
Тамбовская область;2017;1,109997792;24253;2,167533481
Тамбовская область;2018;1,171982876;26660;2,005251967
Тамбовская область;2019;1,251585741;28697;1,938583507
Тверская область;2010;2,20209515;16155,3;3,465917168
Тверская область;2011;2,149548748;17747,3;3,214443042
Тверская область;2012;1,904971864;20246,1;2,726640909
Тверская область;2013;1,514753827;22449,9;2,879092697
Тверская область;2014;1,537086414;23866;2,881847655
Тверская область;2015;1,750200587;24804;2,98715863
Тверская область;2016;1,613812116;26193;3,069641005
Тверская область;2017;1,553936339;27612;2,405109987
Тверская область;2018;1,533654878;31049;2,183662632
Тверская область;2019;1,638884212;33524;2,113110837
Томская область;2010;2,785639875;21450,2;4,000126389
Томская область;2011;2,165612837;24001;4,406808952
Томская область;2012;2,18247554;26725,4;3,91961523
Томская область;2013;1,938835462;29813,5;3,670584443
Томская область;2014;1,922614218;32042;3,895214914
Томская область;2015;2,147994437;34041;3,755922232
Томская область;2016;1,895667761;36032;3,682319781
Томская область;2017;1,741448286;37518;3,135589685
Томская область;2018;1,657078232;36047;3,198000484
Томская область;2019;1,637679614;39115;2,736575617
Тульская область;2010;1,022733985;15640,7;3,017158355
Тульская область;2011;0,948729448;17225,1;2,746539764
Тульская область;2012;0,900623338;20121,3;2,428680069
Тульская область;2013;0,823004572;23030,3;2,223166724
Тульская область;2014;0,809273999;25873;2,205553355
Тульская область;2015;0,874167554;27555;2,201379066
Тульская область;2016;0,798972673;29402;2,19338226
Тульская область;2017;0,839107911;31637;2,049362278
Тульская область;2018;0,904306565;34662;2,060744464
Тульская область;2019;0,885993078;38151;2,027271147
Тюменская область;2010;1,128085542;38212,7;3,82596852
Тюменская область;2011;1,023554694;42289;3,239003459
Тюменская область;2012;0,844031137;47177,3;2,894526093
Тюменская область;2013;0,955019592;51008,6;2,561673271
Тюменская область;2014;0,84875242;54498;2,543030384
Тюменская область;2015;0,860913036;56616;2,64132088
Тюменская область;2016;0,755025485;60090;2,482765484
Тюменская область;2017;0,719544423;63789;2,071913639
Тюменская область;2018;0,691416421;68664;1,662538412
Тюменская область;2019;0,712465363;72747;1,554654606
Удмуртская Республика ;2010;2,148739815;14291,1;5,091436366
Удмуртская Республика ;2011;1,840722993;15843,3;3,820857797
Удмуртская Республика ;2012;1,802830375;18240,7;3,282251492
Удмуртская Республика ;2013;1,779261631;21053,4;3,086918097
Удмуртская Республика ;2014;1,771283912;23421;2,750878063
Удмуртская Республика ;2015;1,947383475;24694;2,694293484
Удмуртская Республика ;2016;1,728351115;26693;2,789198382
Удмуртская Республика ;2017;1,595646018;28995;2,514827369
Удмуртская Республика ;2018;1,674793539;31808;2,501761337
Удмуртская Республика ;2019;1,798996391;34052;2,169831642
Ульяновская область;2010;1,368121202;13339;4,536665833
Ульяновская область;2011;1,288438186;15008,6;3,674299495
Ульяновская область;2012;1,280303155;17107,4;2,964035576
Ульяновская область;2013;1,182432432;19186,9;2,946364506
Ульяновская область;2014;1,219788863;21272;2,451830158
Ульяновская область;2015;1,306261086;22846;2,537368511
Ульяновская область;2016;1,220549785;24334;2,367727966
Ульяновская область;2017;1,08709568;26254;2,263489076
Ульяновская область;2018;1,060348519;28353;1,884804703
Ульяновская область;2019;1,02607526;30677;1,860759083
Хабаровский край;2010;2,401161318;22656,5;4,898306684
Хабаровский край;2011;2,047546698;26155,7;3,698796437
Хабаровский край;2012;1,97678724;31076,1;3,548070111
Хабаровский край;2013;2,122674398;34132,3;3,147434334
Хабаровский край;2014;2,210277289;36781;3,275762672
Хабаровский край;2015;2,315577282;38041;2,91366457
Хабаровский край;2016;2,024704574;40109;2,744761129
Хабаровский край;2017;1,805157507;42465;2,679294679
Хабаровский край;2018;1,698937343;47153;2,06213813
Хабаровский край;2019;1,815621168;50213;2,031766545
Челябинская область;2010;2,422093606;17370,2;4,020926052
Челябинская область;2011;2,215511253;20015;3,573030529
Челябинская область;2012;2,025924087;22500,5;3,45130957
Челябинская область;2013;1,940927205;25650,5;3,247332096
Челябинская область;2014;1,79490695;27683;3,323474531
Челябинская область;2015;2,017779391;29642;3,698890681
Челябинская область;2016;1,844228176;30941;3,725925805
Челябинская область;2017;1,950236142;32253;3,530541253
Челябинская область;2018;1,861499629;35219;3,022418526
Челябинская область;2019;1,917770964;37433;2,740026753
Чеченская Республика;2010;0,362850048;13918,7;18,87620247
Чеченская Республика;2011;0,330115727;14431,4;15,92897623
Чеченская Республика;2012;0,298370875;17384,9;13,54363189
Чеченская Республика;2013;0,272236789;20864,8;13,08204091
Чеченская Республика;2014;0,257664981;21452;10,00181838
Чеченская Республика;2015;0,247789787;22304;7,653919058
Чеченская Республика;2016;0,265073143;22926;6,982110589
Чеченская Республика;2017;0,277223945;23249;6,109306042
Чеченская Республика;2018;0,230136714;26177;5,964549271
Чеченская Республика;2019;0,257453479;27757;5,784017037
Чувашская Республика;2010;1,454134864;13004,4;5,058949796
Чувашская Республика;2011;1,440623336;14896,3;4,145856106
Чувашская Республика;2012;1,327795365;17187,4;3,081057032
Чувашская Республика;2013;1,140043505;19387,5;3,081161659
Чувашская Республика;2014;1,112323531;20854;2,740051072
Чувашская Республика;2015;1,267870853;21369;2,686951954
Чувашская Республика;2016;1,119194723;22908;2,744275816
Чувашская Республика;2017;1,037219596;24530;2,582834072
Чувашская Республика;2018;0,963450169;27036;2,539649429
Чувашская Республика;2019;1,018347459;29671;2,318030813
Чукотский АО;2010;1,613379824;46865,7;2,913539389
Чукотский АО;2011;1,436832652;53369,3;3,641423412
Чукотский АО;2012;1,648848361;60807,4;2,786730603
Чукотский АО;2013;1,567064025;68261,3;2,131522855
Чукотский АО;2014;1,276014877;76285;2,130648097
Чукотский АО;2015;1,616715327;79531;2,574033248
Чукотский АО;2016;1,600320064;86647;2,284456891
Чукотский АО;2017;1,43591812;91995;1,847332863
Чукотский АО;2018;1,510989011;98864;1,882676147
Чукотский АО;2019;1,550775388;107107;2,343171586
Ярославская область;2010;1,673086135;16075,8;3,99162085
Ярославская область;2011;1,45418869;18111;2,712786129
Ярославская область;2012;1,35894808;20397;1,782513248
Ярославская область;2013;1,210173002;23003,3;2,373087136
Ярославская область;2014;1,219787418;25434;2,07690983
Ярославская область;2015;1,710921227;26748;2,889907067
Ярославская область;2016;1,447388707;28520;3,55180898
Ярославская область;2017;1,409309184;30720;3,477026675
Ярославская область;2018;1,323409216;33474;2,885047931
Ярославская область;2019;1,409390044;36016;2,788457789
г. Москва;2010;1,622029186;38410,5;1,001210037
г. Москва;2011;1,469347839;44898,7;0,807215501
г. Москва;2012;1,512327686;48830,4;0,45945428
г. Москва;2013;1,452935525;55485,2;0,972094322
г. Москва;2014;1,50476519;61208;0,859430889
г. Москва;2015;1,591986406;64310;1,020502434
г. Москва;2016;1,407466131;71379;1,028409047
г. Москва;2017;1,12615628;73812;0,800437752
г. Москва;2018;1,118887198;83801;0,717505861
г. Москва;2019;1,123464903;94294;0,786973402
г. Санкт-Петербург;2010;1,322838309;28045,8;0,210233021
г. Санкт-Петербург;2011;1,204113204;28045,8;0,210233021
г. Санкт-Петербург;2012;1,130904064;28045,8;0,210233021
г. Санкт-Петербург;2013;1,084848713;28045,8;0,210233021
г. Санкт-Петербург;2014;1,093859215;28045,8;0,210233021
г. Санкт-Петербург;2015;1,084341744;21848;0,317815036
г. Санкт-Петербург;2016;0,996472156;24259;0,228070703
г. Санкт-Петербург;2017;0,980635376;27687;0,173301131
г. Санкт-Петербург;2018;0,957914362;31814;0,172860509
г. Санкт-Петербург;2019;0,902007187;34621;0,159117726
г. Севастополь;2010;1,309439292;27189,5;11,36739966
г. Севастополь;2011;1,309439292;29522;11,36739966
г. Севастополь;2012;1,309439292;32930,2;11,36739966
г. Севастополь;2013;1,309439292;36848;11,36739966
г. Севастополь;2014;1,475652892;40697;10,09488373
г. Севастополь;2015;2,030332321;44187;15,1884853
г. Севастополь;2016;1,349800122;48703;11,77921313
г. Севастополь;2017;1,122917784;53740;11,62389765
г. Севастополь;2018;0,928078992;60421;10,15363424
г. Севастополь;2019;0,949853645;65872;9,364283889
