region_name;year;criminality;salary;unemployee;catch_crimes;minimum
Алтайский край;2010;1,980848675;12050,7;4,560774436;55,50742445;17,57
Алтайский край;2011;1,862957003;13822,6;4,278831685;56,22385403;17,57
Алтайский край;2012;1,752067216;16009,7;3,0955185;56,90466011;17,57
Алтайский край;2013;1,880156713;18011,3;4,00009354;55,13281805;17,6
Алтайский край;2014;1,846778838;19456;3,492445738;56,15702104;17,1
Алтайский край;2015;2,040580596;20090;3,980984487;54,88658351;18
Алтайский край;2016;1,879870632;21202;4,202254782;58,41484207;17,8
Алтайский край;2017;1,698771778;22743;3,315987243;58,58194982;17,5
Алтайский край;2018;1,640566709;45635;3,002416882;59,3184599;17,4
Алтайский край;2019;1,593904127;49932;2,844407895;58,23843704;17,6
Амурская область;2010;2,222817998;21207,5;3,556580931;57,61263454;15,89
Амурская область;2011;2,192542858;24202,1;3,268392891;53,26958156;15,89
Амурская область;2012;2,185440164;26789;2,771593184;53,91532618;15,89
Амурская область;2013;2,077040527;30541,7;3,152964472;54,93524159;16,2
Амурская область;2014;2,128620283;32397;2,901407895;53,55279935;14,8
Амурская область;2015;2,410925734;32902;2,974692398;45,78690629;15,2
Амурская область;2016;2,32120639;33837;3,059149953;48,21505146;17
Амурская область;2017;2,312870584;37368;3,035666077;49,39746015;16,7
Амурская область;2018;2,203543815;42315;2,861867609;51,76779197;15,6
Амурская область;2019;2,464316799;47234;2,763703246;40,66536805;15,7
Архангельская область;2010;1,952182692;22192,1;3,700496919;43,07052216;14,66
Архангельская область;2011;1,969722943;24611,4;3,176162867;40,14574224;14,66
Архангельская область;2012;1,8515391;28531,3;2,826608517;45,29398614;14,66
Архангельская область;2013;1,727594734;32465,3;3,191121433;48,92649903;14,6
Архангельская область;2014;1,605653301;35572;3,733556537;52,84770296;14,8
Архангельская область;2015;1,892846447;38300;3,547888735;47,57294608;16,5
Архангельская область;2016;1,709014509;40790;3,605136788;49,59987996;15,2
Архангельская область;2017;1,6540143;42950;3,27407447;51,33121451;14,3
Архангельская область;2018;1,64948059;48307;3,198054236;50,80160321;13,5
Архангельская область;2019;1,679342855;52434;3,064121081;47,03394256;13,7
Астраханская область;2010;2,574171591;16582,1;4,261421272;51,88958518;14,31
Астраханская область;2011;2,240943672;17022,8;4,625508452;54,65244413;14,31
Астраханская область;2012;2,044743426;19522,1;4,043055739;55,74197281;14,31
Астраханская область;2013;1,70364212;22735,8;3,925419976;63,65423533;11,8
Астраханская область;2014;1,550590734;24576;3,895467866;63,0926008;12
Астраханская область;2015;1,448493857;25499;3,888206942;69,98781643;14,2
Астраханская область;2016;1,363735416;27493;3,923254668;66,42193911;16,1
Астраханская область;2017;1,319203685;29599;3,927066658;60,89934485;15,5
Астраханская область;2018;1,321828331;33630;3,802951397;62,35197736;15,1
Астраханская область;2019;1,298117482;36093;3,817217929;62,88329519;15,5
Белгородская область;2010;1,099299182;15938,4;2,647207988;46,73435459;7,84
Белгородская область;2011;1,036036065;17667,6;2,162541968;47,4929223;7,84
Белгородская область;2012;0,967677567;20002,1;1,915206018;46,03707684;7,84
Белгородская область;2013;0,967880374;22220,9;2,089338016;47,0261219;7,6
Белгородская область;2014;0,924695768;23895;2,09977607;46,97817571;7,7
Белгородская область;2015;1,019472098;25456;2,118154699;47,39741641;8,5
Белгородская область;2016;0,883983242;27091;2,097131808;48,74954429;8,1
Белгородская область;2017;0,821467477;29066;2,071717256;48,6346516;7,8
Белгородская область;2018;0,849967746;31852;2,104094736;48,90982299;7,5
Белгородская область;2019;0,917467338;34615;2,063122786;45,44878564;7,7
Брянская область;2010;1,832550449;12325,6;4,052314421;48,5004686;13,7
Брянская область;2011;1,532973458;13912;3,580639192;51,52822726;13,7
Брянская область;2012;1,487878473;16530;2,593243588;49,66636417;13,7
Брянская область;2013;1,527082071;18973,9;2,67095147;49,17103882;12,6
Брянская область;2014;1,381517876;20911;2,573581985;51,93567251;13,2
Брянская область;2015;1,409130102;21679;2,356793076;55,03665647;14,1
Брянская область;2016;1,293479461;22923;2,343159177;52,3607863;14,4
Брянская область;2017;1,188314103;24743;2,221827406;52,60607739;14,2
Брянская область;2018;1,185068813;27251;1,989824019;50,85742283;13,6
Брянская область;2019;1,201080965;29853;1,877143519;49,05003828;13,8
Владимирская область;2010;1,775086115;14484,4;3,226536216;40,73193546;13,77
Владимирская область;2011;1,658926957;16313,9;3,082912934;42,22231547;13,77
Владимирская область;2012;1,524560969;18343,4;2,388009282;45,33627546;13,77
Владимирская область;2013;1,314962424;20927,3;2,059073135;54,35085837;14,1
Владимирская область;2014;1,334334184;22581;2,331377748;51,27346201;14,2
Владимирская область;2015;1,523344679;23877;3,016005537;48,5338205;14,7
Владимирская область;2016;1,37349171;25135;2,939608134;49,75964051;14,6
Владимирская область;2017;1,3191779;26975;2,554177553;49,57002793;13,2
Владимирская область;2018;1,258171042;30460;2,465251434;48,29983201;13,1
Владимирская область;2019;1,232426162;33076;2,131692741;42,41377256;12,5
Волгоградская область;2010;1,730978786;14856,1;4,036677921;49,07618436;13,59
Волгоградская область;2011;1,538426051;16191,5;3,534185644;50,21116026;13,59
Волгоградская область;2012;1,511946708;18583,7;3,107210205;48,42500575;13,59
Волгоградская область;2013;1,417161996;21045,9;3,459075551;50,50538253;13
Волгоградская область;2014;1,420729298;22828;3,37905504;47,90894363;13,6
Волгоградская область;2015;1,634069022;24361;3,710241187;46,33298158;14,2
Волгоградская область;2016;1,524933381;26554;3,463277926;44,98218987;14,4
Волгоградская область;2017;1,577422071;27962;3,036659113;40,29989218;13,6
Волгоградская область;2018;1,532736343;30894;2,85874279;40,1022341;13,4
Волгоградская область;2019;1,645359129;33371;2,650491823;37,27688342;12,9
Вологодская область;2010;2,026848122;18536,4;4,251907199;41,86084606;13,77
Вологодская область;2011;2,107648508;20250,3;3,928015415;41,49234845;13,77
Вологодская область;2012;1,98985945;22648,9;3,093026305;45,97918241;13,77
Вологодская область;2013;2,044639068;25126,6;3,19589415;45,06938475;14
Вологодская область;2014;2,051686392;26749;2,922856256;46,24284546;13,5
Вологодская область;2015;2,457651131;27445;3,510245538;41,23161136;14,5
Вологодская область;2016;2,169386552;29303;3,390446569;47,58591199;13,8
Вологодская область;2017;1,736207016;31651;2,618883412;51,74702323;13,9
Вологодская область;2018;1,524141338;35497;2,496670793;53,77252883;13,6
Вологодская область;2019;1,522748886;39116;2,181982494;50,97596751;13,1
Воронежская область;2010;1,176648456;14337,3;3,718265655;44,592873;9,19
Воронежская область;2011;1,158387045;16054,7;3,238614787;46,68294668;9,19
Воронежская область;2012;1,187588537;19538,1;2,77063951;41,94061123;9,19
Воронежская область;2013;1,306495174;21825,2;2,324279683;38,34477774;9,4
Воронежская область;2014;1,448336154;24001;2,263811167;34,48899161;9,2
Воронежская область;2015;1,684937521;24906;2,229804589;32,31971093;9,5
Воронежская область;2016;1,472299816;26335;2,238563974;36,55513529;9,4
Воронежская область;2017;1,395149808;28007;2,191778592;40,06324645;9
Воронежская область;2018;1,257425042;31207;1,85743491;42,61976252;8,9
Воронежская область;2019;1,324498186;33690;1,800032932;37,09101532;8,9
Еврейская АО;2010;2,271892188;19718;4,618402383;49,26598656;23,54
Еврейская АО;2011;2,120816392;22927,5;4,330023894;47,19010487;23,54
Еврейская АО;2012;2,184498188;25067;4,286595099;46,42574519;23,54
Еврейская АО;2013;1,864462116;27357,7;4,283365593;57,34834271;20,9
Еврейская АО;2014;2,045792693;29439;4,423989798;54,17027417;21,4
Еврейская АО;2015;2,166906836;30896;4,014517797;52,40066225;25,1
Еврейская АО;2016;2,073028232;32165;4,174512166;53,65070093;25,5
Еврейская АО;2017;2,214388622;34409;4,208074058;51,96566999;24,3
Еврейская АО;2018;2,275664124;39242;3,456673542;45,86404586;23,7
Еврейская АО;2019;2,234317355;42400;3,006115305;38,50914205;23,9
Забайкальский край;2010;2,617546255;18684,5;5,314726734;45,14504501;20,57
Забайкальский край;2011;2,764389835;21099,6;5,162159099;44,91389208;20,57
Забайкальский край;2012;2,851318075;24218,5;5,131315377;43,11375332;20,57
Забайкальский край;2013;3,202999386;27279,4;5,124195041;42,90448844;16,9
Забайкальский край;2014;2,952526316;29319;4,931958733;47,68584759;18,8
Забайкальский край;2015;3,075197815;30931;5,131902793;46,75036706;21,3
Забайкальский край;2016;2,743575844;32654;5,327669431;48,84011059;22,1
Забайкальский край;2017;2,508797335;34848;5,327941228;51,47451097;22
Забайкальский край;2018;2,276357529;42647;5,096904879;53,4941046;21,4
Забайкальский край;2019;2,218130082;46387;4,579286412;54,49879099;21,5
Ивановская область;2010;1,770857222;13123,3;3,965513352;40,7250146;14,73
Ивановская область;2011;1,627795216;14436,2;3,47175316;43,5869123;14,73
Ивановская область;2012;1,516879204;16998,1;3,327624035;44,43260188;14,73
Ивановская область;2013;1,386745898;18981,5;2,741848829;48,82117744;14,4
Ивановская область;2014;1,430164805;20592;2,205438357;47,39814441;14,6
Ивановская область;2015;1,465393943;21161;2,992527391;46,21277158;16
Ивановская область;2016;1,403306758;22144;2,91036372;41,54113155;14,9
Ивановская область;2017;1,56471438;23470;2,494533363;35,59555918;14,3
Ивановская область;2018;1,390511119;25729;2,193353959;40,0185238;14,7
Ивановская область;2019;1,388487764;27553;1,94502212;38,08838347;14,2
Иркутская область;2010;2,706628784;20475,6;5,230402782;39,43901402;18,61
Иркутская область;2011;2,41072908;22647,7;4,736714982;40,22363562;18,61
Иркутская область;2012;2,480573129;25880,8;4,034970432;37,73478181;18,61
Иркутская область;2013;2,359239183;29049,9;4,315162423;42,08728852;17
Иркутская область;2014;2,199841184;31408;4,538429358;45,2503668;18,8
Иркутская область;2015;2,218525049;32704;4,270553007;46,41096504;20,7
Иркутская область;2016;1,949893191;35510;4,569342763;50,122317;20
Иркутская область;2017;1,912531975;38086;4,376808607;50,9559814;18
Иркутская область;2018;1,873027627;35686;3,720190806;48,81367993;17,7
Иркутская область;2019;1,918121611;39076;3,20879958;44,51871367;18,1
Кабардино-Балкарская Респ.;2010;1,083537672;11663,2;5,609037739;38,46484165;22,53
Кабардино-Балкарская Респ.;2011;0,964015517;13011,5;4,510452325;41,11044056;22,53
Кабардино-Балкарская Респ.;2012;1,024208241;16314,4;3,968428589;43,43032507;22,53
Кабардино-Балкарская Респ.;2013;1,009466955;18623,6;5,145742665;46,13520997;19
Кабардино-Балкарская Респ.;2014;0,916872976;20323;4,793427274;51,55437127;18,7
Кабардино-Балкарская Респ.;2015;1,003735423;20866;5,018444959;47,65814733;21,1
Кабардино-Балкарская Респ.;2016;0,888511549;21532;5,150031158;50,38456525;25,8
Кабардино-Балкарская Респ.;2017;0,77779319;22782;5,240307927;56,93267945;24,7
Кабардино-Балкарская Респ.;2018;0,764413878;25776;5,431033587;59,22960725;24,2
Кабардино-Балкарская Респ.;2019;0,863730912;27466;5,503733494;52,63649713;24,2
Калининградская область;2010;1,792439485;18455,4;5,575887525;43,14958761;13,43
Калининградская область;2011;1,608793722;19911,1;5,057131662;42,4104792;13,43
Калининградская область;2012;1,581957627;21526;4,082420403;41,14088159;13,43
Калининградская область;2013;1,51425881;25104,2;3,092024514;44,35644928;12,7
Калининградская область;2014;1,612051725;26639;2,977632304;43,43414885;12,4
Калининградская область;2015;1,696530553;28262;3,130901797;41,83129318;13,6
Калининградская область;2016;1,347531462;29451;3,206603149;45,75771325;14,1
Калининградская область;2017;1,739751158;30580;2,713268695;32,23840752;13,8
Калининградская область;2018;1,375611984;33385;2,47047252;41,68486967;13,7
Калининградская область;2019;1,48022185;35637;2,365118742;39,26631346;13,7
Калужская область;2010;1,77641778;17681,6;3,715468835;37,36025363;10,11
Калужская область;2011;1,495573554;20000,8;3,094149954;38,29378231;10,11
Калужская область;2012;1,468159423;23709,6;2,342520213;40,97950348;10,11
Калужская область;2013;1,564774418;25756,6;2,466308149;39,89953583;9,4
Калужская область;2014;1,668263004;28248;2,221604641;42,24773917;9,7
Калужская область;2015;1,803532024;29939;2,271096068;40,61916786;10,8
Калужская область;2016;1,599828487;31667;2,244482405;39,29475699;10,3
Калужская область;2017;1,740541149;34332;2,132207314;36,48939789;10
Калужская область;2018;1,676052269;38197;2,120367879;36,43232395;10,4
Калужская область;2019;1,550232709;41442;1,970917853;35,76146201;10,2
Камчатский край;2010;1,688832922;35747,6;4,111509497;60,64279155;16,54
Камчатский край;2011;1,662475421;39325,9;3,641553472;59,08153702;16,54
Камчатский край;2012;1,663482669;43551,9;3,414993507;62,28185401;16,54
Камчатский край;2013;1,59366158;48628,8;3,360649082;65,90241035;16,7
Камчатский край;2014;1,562627525;53167;3,608671359;67,65769385;16,7
Камчатский край;2015;1,808065881;57404;2,664418425;58,41774363;17,1
Камчатский край;2016;1,857194489;61159;2,39488685;57,23796518;17,7
Камчатский край;2017;1,946741469;65807;2,427477137;52,19233904;16,8
Камчатский край;2018;1,896940715;73896;2,781629694;55,95516895;15,8
Камчатский край;2019;1,840901271;80448;2,180534492;53,82485289;15
Карачаево-Черкесская Респ.;2010;0,915901488;11345,6;5,02988875;54,61432507;22,2
Карачаево-Черкесская Респ.;2011;0,831866364;12446,9;4,818102757;54,8989899;22,2
Карачаево-Черкесская Респ.;2012;0,777373959;15510,8;4,468368339;65,09921174;22,2
Карачаево-Черкесская Респ.;2013;0,76565125;17857,8;4,704560563;61,22052705;20,3
Карачаево-Черкесская Респ.;2014;0,728726656;19746;6,3139979;66,06255481;19,2
Карачаево-Черкесская Респ.;2015;0,865020878;20511;7,003210739;57,89733465;22,8
Карачаево-Черкесская Респ.;2016;0,753347677;21546;6,622994338;65,18897414;23,8
Карачаево-Черкесская Респ.;2017;0,869056196;22638;6,074816454;55,07031828;23,2
Карачаево-Черкесская Респ.;2018;0,872655784;25430;5,551859276;61,41170684;22,9
Карачаево-Черкесская Респ.;2019;0,977991434;26955;5,111417561;52,8442785;23,2
Кемеровская область-Кузбасс;2010;2,374897411;18027,8;4,548971508;48,95154909;14,61
Кемеровская область-Кузбасс;2011;2,444411225;20478,8;4,13357271;45,92171474;14,61
Кемеровская область-Кузбасс;2012;2,385825003;23403,2;3,599708589;47,76133069;14,61
Кемеровская область-Кузбасс;2013;2,307961148;25325,8;3,116613062;48,49362322;13,9
Кемеровская область-Кузбасс;2014;2,271084468;26809;3,223262001;50,87917406;14,1
Кемеровская область-Кузбасс;2015;2,303523782;28263;3,877178226;50,3126695;15,7
Кемеровская область-Кузбасс;2016;2,152928147;30115;3,970021027;51,85058376;15,8
Кемеровская область-Кузбасс;2017;2,111804461;32648;3,518205977;50,4714501;14,9
Кемеровская область-Кузбасс;2018;1,977563599;32613;3,014081233;51,55870331;13,9
Кемеровская область-Кузбасс;2019;2,016762595;35368;2,654371346;45,82093438;14
Кировская область;2010;1,598617845;13292,6;4,719909343;50,6019616;14,81
Кировская область;2011;1,520546959;14579;4,407591185;50,08385124;14,81
Кировская область;2012;1,604010593;16932,3;3,686904748;43,13910217;14,81
Кировская область;2013;1,655661622;19291,1;2,908890702;49,68767224;14,1
Кировская область;2014;1,69182779;20978;2,627101211;50,54016182;13,1
Кировская область;2015;1,985762285;22118;2,785817016;45,75930012;15,3
Кировская область;2016;1,680082869;23404;2,815818888;52,71724138;15,9
Кировская область;2017;1,642224502;25215;2,767540143;51,71451544;15,4
Кировская область;2018;1,593287171;27932;2,674706282;49,05437933;15,2
Кировская область;2019;1,507983792;30213;2,400779638;51,05180534;14,7
Костромская область;2010;1,480292385;13525,8;3,201750129;57,5809543;13,5
Костромская область;2011;1,394113342;14890,5;2,724228178;58,24152085;13,5
Костромская область;2012;1,264663034;16895,5;2,537806625;58,04095318;13,5
Костромская область;2013;1,163998315;19156,5;2,593032432;62,4167211;14,2
Костромская область;2014;1,220801692;20867;2,219140083;59,00512436;13,6
Костромская область;2015;1,426514734;21796;2,643049684;53,18874812;14,3
Костромская область;2016;1,350868877;22989;2,787917587;54,87582593;13,7
Костромская область;2017;1,370985226;24554;2,686375321;52,09533491;13,4
Костромская область;2018;1,244580631;27724;2,240682434;55,89157987;12,7
Костромская область;2019;1,299649786;31421;1,979616732;49,61850551;12,6
Краснодарский край;2010;1,26023772;16329,9;3,315556356;48,26852654;10,91
Краснодарский край;2011;1,262090252;18416;2,914233748;48,9638438;10,91
Краснодарский край;2012;1,242792504;21409,2;2,765255245;48,97284677;10,91
Краснодарский край;2013;1,195049361;24062,6;2,981428395;51,57543537;10,7
Краснодарский край;2014;1,27024365;25777;2,740107806;46,81767427;10,3
Краснодарский край;2015;1,368580227;26767;2,962871241;45,4088771;11,7
Краснодарский край;2016;1,290223287;28734;2,877467309;45,81521207;11,6
Краснодарский край;2017;1,211021943;30343;2,825001942;46,62291981;10,9
Краснодарский край;2018;1,210844201;33846;2,583886778;43,07545508;10,5
Краснодарский край;2019;1,264392827;36133;2,386499955;39,61697491;10,7
Красноярский край;2010;2,508284237;23254,2;3,42821335;47,02643327;17,44
Красноярский край;2011;2,226272607;25658,6;3,191636524;48,63918081;17,44
Красноярский край;2012;2,06108495;28672,4;2,953664728;50,04523342;17,44
Красноярский край;2013;2,064540037;31622,6;3,021361982;48,96654882;15,6
Красноярский край;2014;1,973498761;34178;2,671694112;51,4576199;17
Красноярский край;2015;2,175690824;36071;3,260951202;46,36973764;18,9
Красноярский край;2016;1,994081985;38474;3,141389706;49,23316098;18,4
Красноярский край;2017;1,776314737;41117;2,963804697;51,51414309;17,6
Красноярский край;2018;1,596446375;38023;2,545264586;51,21563331;17,1
Красноярский край;2019;1,621175274;41770;2,320026201;47,51987965;17,5
Курганская область;2010;2,561130702;13227,9;6,051343004;39,98974403;18,77
Курганская область;2011;2,391589052;14833,1;4,919349656;43,47000232;18,77
Курганская область;2012;2,251038427;17180,3;4,231822054;44,2289475;18,77
Курганская область;2013;2,182078908;19408,5;3,76934448;45,58594156;16,9
Курганская область;2014;2,338345081;21172;3,427893681;41,33659731;17,1
Курганская область;2015;2,571908691;22064;3,675788671;42,42669181;18,8
Курганская область;2016;2,255591777;23335;4,015846135;48,0287294;19,7
Курганская область;2017;2,103261503;25433;4,319370034;47,34810339;19,7
Курганская область;2018;2,07827948;28159;3,646868654;44,83963345;19,6
Курганская область;2019;2,058048001;30632;3,416641294;46,3072335;19,6
Курская область;2010;1,620339037;14006,5;4,207130907;45,24706525;9,97
Курская область;2011;1,504443287;16240,8;3,21420784;45,33838145;9,97
Курская область;2012;1,346915242;18690;2,579943806;53,22377576;9,97
Курская область;2013;1,179977643;21234,2;2,374252629;59,87883378;9,6
Курская область;2014;1,184906815;23099;2,014672489;58,72141294;9,2
Курская область;2015;1,271478093;23921;2,145887451;56,89679415;10,4
Курская область;2016;1,086979783;25327;2,178150547;59,50779327;10,5
Курская область;2017;1,060170768;27274;2,097554655;58,15913688;10,3
Курская область;2018;1,098872418;29937;2,073457956;54,2014742;9,9
Курская область;2019;1,194275294;32709;2,038038071;47,73915019;9,9
Ленинградская область;2010;1,658368108;20768,3;2,913638321;35,22034734;9,53
Ленинградская область;2011;1,428824662;23302,6;2,445888299;39,9270221;9,53
Ленинградская область;2012;1,190057394;26309,9;1,820752806;44,76539519;9,53
Ленинградская область;2013;1,145984587;29358,3;2,327928773;46,03545008;10,7
Ленинградская область;2014;1,101748739;31851;2,440143479;47,73822956;9,8
Ленинградская область;2015;1,143485419;33996;2,748596386;49,18807204;10,3
Ленинградская область;2016;0,982140557;36319;2,481088123;51,04647847;9,7
Ленинградская область;2017;1,02109641;39333;2,501350627;45,78195448;9
Ленинградская область;2018;1,183991401;43631;2,172990445;41,40333072;8,4
Ленинградская область;2019;1,305838381;46387;2,008895363;33,19211944;8,8
Липецкая область;2010;1,384968911;15429,8;2,36773747;37,48078933;8,69
Липецкая область;2011;1,315344863;17010,4;2,555752025;42,95655567;8,69
Липецкая область;2012;1,158172798;19416,6;1,940940232;51,5427978;8,69
Липецкая область;2013;1,143274499;21390,5;1,933334539;55,0474612;7,9
Липецкая область;2014;1,064316323;23133;1,896077717;56,72125831;8,3
Липецкая область;2015;1,245139281;24524;2,083183878;53,38747744;9,3
Липецкая область;2016;1,069837401;26214;2,043061626;57,14285714;9,2
Липецкая область;2017;1,100405737;28455;2,002148783;57,65169425;8,8
Липецкая область;2018;1,076088075;31622;1,997614892;53,14322748;8,7
Липецкая область;2019;1,066914951;34312;1,954536337;51,10417864;8,6
Магаданская область;2010;2,253956784;36582;3,599612086;56,91788526;11,49
Магаданская область;2011;2,070619707;41933,7;2,923303474;57,36024845;11,49
Магаданская область;2012;2,107911512;49667,3;2,203073875;56,0296846;11,49
Магаданская область;2013;2,304820431;57121,1;1,881256814;51,63417431;12,2
Магаданская область;2014;2,064467696;62152;1,94917924;55,81168831;12,3
Магаданская область;2015;2,247839791;65996;2,71860225;59,50438199;12,9
Магаданская область;2016;2,045793996;69769;2,722701051;63,76423309;13
Магаданская область;2017;1,913277636;75710;3,302492578;61,96319018;11,1
Магаданская область;2018;2,068511107;85631;3,110126662;48,76313114;9,5
Магаданская область;2019;2,050593144;94856;2,793355652;53,89948007;9,4
Московская область;2010;1,620093158;25417,4;1,847545671;39,31838236;7,67
Московская область;2011;1,647219412;28585,6;2,146524976;38,98075859;7,67
Московская область;2012;1,561778956;32302,5;1,661642315;38,75572708;7,67
Московская область;2013;1,511496785;35690,3;1,523455856;36,81259214;7,5
Московская область;2014;1,267845149;38598;1,460233595;42,18051636;7,6
Московская область;2015;1,225907258;40643;1,77729954;47,07287263;8,3
Московская область;2016;1,197887739;42656;1,806402826;45,3514842;7,8
Московская область;2017;1,129601723;46836;1,745364428;46,76480008;7,9
Московская область;2018;1,063349399;51938;1,461706497;49,30945591;7,3
Московская область;2019;1,007801571;55555;1,490218443;50,00324469;7,3
Мурманская область;2010;2,112630989;29307,8;5,24920287;44,99287242;11,24
Мурманская область;2011;2,018932709;32341,6;5,130642772;48,01502818;11,24
Мурманская область;2012;1,833649165;36187,9;4,63047742;48,66124209;11,24
Мурманская область;2013;1,716065425;40225,1;4,34856032;50,42067308;11
Мурманская область;2014;1,675753803;43378;3,989233337;53,31107833;11
Мурманская область;2015;2,428077558;45989;4,624548236;37,71286915;12,7
Мурманская область;2016;1,981981745;48986;4,518249866;45,36219375;12
Мурманская область;2017;1,690471527;51932;4,090192009;48,99397166;11,3
Мурманская область;2018;1,609603546;58045;3,85612262;46,89284237;9,9
Мурманская область;2019;1,627034801;63715;3,073466993;44,79656681;10,8
Нижегородская область;2010;2,431215201;16327,6;4,151204469;24,5818299;9,5
Нижегородская область;2011;1,986919412;18492,4;3,896680433;31,09854604;9,5
Нижегородская область;2012;1,676264668;20958,8;2,977566608;37,05032062;9,5
Нижегородская область;2013;1,434928909;23572,9;2,308480346;39,53591957;9
Нижегородская область;2014;1,177099074;25497;2,295648458;46,01919087;8,8
Нижегородская область;2015;1,261073093;26481;2,302100768;48,1603808;9,9
Нижегородская область;2016;1,236574175;28399;2,3442297;45,62105472;9,8
Нижегородская область;2017;1,299721834;30387;2,319642654;38,92990244;10
Нижегородская область;2018;1,291226094;32949;2,262731236;39,95388828;9,5
Нижегородская область;2019;1,340974855;35212;2,225764581;39,33161356;9,5
Новгородская  область;2010;1,840951706;16750,8;3,017695958;39,85315461;13,64
Новгородская  область;2011;1,773083911;18636,5;2,617251173;47,05619584;13,64
Новгородская  область;2012;2,017996148;21297,4;2,191299472;46,43618281;13,64
Новгородская  область;2013;1,896680729;23493,8;2,498626116;50,76871093;12,6
Новгородская  область;2014;2,065856009;25225;1,926950558;43,47893916;12,6
Новгородская  область;2015;2,117314245;26346;2,405066778;44,17661463;13,9
Новгородская  область;2016;1,951780312;27914;2,542394961;45,39462706;14,8
Новгородская  область;2017;1,821660085;29311;2,450537245;44,16824282;13,9
Новгородская  область;2018;1,804317634;31462;2,157325493;44,612841;13,8
Новгородская  область;2019;1,823025028;32174;1,832717526;38,30781923;13,9
Новосибирская область;2010;2,490475892;18229,7;4,11039069;39,07938565;15,16
Новосибирская область;2011;2,112368232;20308,5;3,694486869;40,86592031;15,16
Новосибирская область;2012;1,901813865;23245,8;2,99251972;41,73519897;15,16
Новосибирская область;2013;1,813721778;25527,9;3,094270596;40,9554308;14,4
Новосибирская область;2014;1,699417086;27214;2,687114047;41,99196511;14,9
Новосибирская область;2015;1,934014853;28046;3,590087452;39,23563531;17,3
Новосибирская область;2016;1,631277392;30151;3,88477229;43,52116104;16,1
Новосибирская область;2017;1,592880114;32287;3,05523809;41,17116508;15,1
Новосибирская область;2018;1,709065478;41901;3,447187433;36,7762358;14,1
Новосибирская область;2019;1,795815618;45526;3,107865899;31,82623937;14,2
Омская область;2010;1,684718059;16708,2;4,31637674;49,11576045;13,64
Омская область;2011;1,511117635;19087,8;4,242872111;54,73455033;13,64
Омская область;2012;1,538288555;21931,2;3,64429331;51,42894772;13,64
Омская область;2013;1,471886034;24847,9;3,668417826;54,13712398;12,5
Омская область;2014;1,468298289;26205;3,549441835;52,82277521;12,4
Омская область;2015;1,554143811;27234;3,624128303;51,35627399;14,2
Омская область;2016;1,485745409;28163;3,829368072;50,26233306;14,7
Омская область;2017;1,447684122;29751;3,670039697;50,99940282;14,2
Омская область;2018;1,379360158;51667;3,550570477;53,32194452;13,6
Омская область;2019;1,284882429;56437;3,374857267;51,9543188;13,9
Оренбургская область;2010;1,692090909;15199,6;3,779710031;52,4518338;13,64
Оренбургская область;2011;1,530493726;17024,9;3,256540676;54,83372003;13,64
Оренбургская область;2012;1,416572808;19270,8;2,77170617;55,4293503;13,64
Оренбургская область;2013;1,348489261;21592,8;2,614238448;55,40610259;12,3
Оренбургская область;2014;1,377318267;23469;2,312605807;53,13077174;11,9
Оренбургская область;2015;1,539688959;24591;2,445073316;52,68838177;13,9
Оренбургская область;2016;1,366848478;26209;2,510071911;55,7840617;14,6
Оренбургская область;2017;1,371811818;27445;2,303375488;56,0561517;14,3
Оренбургская область;2018;1,331124604;30371;2,267093796;54,00716791;14,2
Оренбургская область;2019;1,366993874;32883;2,101003051;51,34741714;14,3
Орловская область;2010;1,730498323;13174,2;4,494228294;48,16983895;13,8
Орловская область;2011;1,610084793;14528,6;3,117672512;45,48121135;13,8
Орловская область;2012;1,699177834;16888;2,686008531;41,05374556;13,8
Орловская область;2013;1,5800192;19272,5;2,972563145;42,31903046;13,3
Орловская область;2014;1,52213902;20885;2,600299113;41,81787059;13,5
Орловская область;2015;1,542345651;21772;3,12875832;44,20068027;14,5
Орловская область;2016;1,2298156;23127;3,263177633;45,63513368;14,2
Орловская область;2017;1,17811382;24811;3,271769075;46,41726944;13,9
Орловская область;2018;1,209783738;27476;2,445799859;41,97709329;13,5
Орловская область;2019;1,216457135;29683;2,514110984;40,42861927;13,7
Пензенская область;2010;1,222869739;14423,6;3,178337571;50,01767201;13,89
Пензенская область;2011;1,084496389;16362,2;2,694106669;53,87133409;13,89
Пензенская область;2012;1,000511439;19126,2;2,513773151;59,89951212;13,89
Пензенская область;2013;0,949566986;20644,8;2,460168457;61,84596388;13,4
Пензенская область;2014;0,988143748;22392;2,398788898;58,61400894;13,2
Пензенская область;2015;1,021919727;23192;2,428187176;61,85410334;14,4
Пензенская область;2016;0,915832475;25337;2,430126792;65,67903239;14,8
Пензенская область;2017;0,884264521;26238;2,283271397;63,5417548;14,2
Пензенская область;2018;0,968315573;28968;2,292362014;58,00140307;13,5
Пензенская область;2019;0,985110147;30765;2,159954811;57,49438985;13,7
Пермский край;2010;2,780468153;17438,3;4,418420796;40,95050044;13,77
Пермский край;2011;2,218354055;18773,3;3,952912877;46,18796452;13,77
Пермский край;2012;2,440740103;21820,9;3,225655745;41,36852425;13,77
Пермский край;2013;2,150071263;24715,5;3,285650102;46,12343587;11,9
Пермский край;2014;1,969170062;27102;2,837297983;47,29289855;12,5
Пермский край;2015;2,209301443;28528;3,098242605;44,63258402;12,8
Пермский край;2016;1,901678266;30651;2,904582279;50,88864925;15,3
Пермский край;2017;1,67433587;32952;2,947927184;51,6854188;15,1
Пермский край;2018;1,61278674;35802;2,586473394;48,33672937;14,9
Пермский край;2019;1,648771799;39210;2,415864693;45,24458103;13,9
Приморский край;2010;2,599163707;21888,7;5,189651116;38,32151904;15,19
Приморский край;2011;2,337944298;24423;4,355142945;36,73335232;15,19
Приморский край;2012;2,466399812;27444,6;3,738365712;33,77577132;15,19
Приморский край;2013;2,699999846;29965,7;3,90068604;35,10046132;16,3
Приморский край;2014;2,523153182;32431;3,767838501;38,95098882;15,2
Приморский край;2015;2,454900117;33807;3,802122871;41,45924738;16,2
Приморский край;2016;2,033890913;35677;3,262200282;46,05350488;16,3
Приморский край;2017;1,909152713;38045;2,935806506;46,30656217;14,9
Приморский край;2018;1,720498753;42199;2,917850574;48,22543793;13,9
Приморский край;2019;1,636661642;46867;2,714378456;46,08331993;13,5
Псковская область;2010;1,81973508;14498,2;4,989934701;42,63320338;17,23
Псковская область;2011;1,688990253;15721,2;4,94202643;43,21741439;17,23
Псковская область;2012;1,567416525;18202,9;3,497216259;45,53837287;17,23
Псковская область;2013;1,410096308;19742,7;3,709829402;50,24211772;15,9
Псковская область;2014;1,357839081;21004;3,412798069;49,07636855;15,8
Псковская область;2015;1,686959819;21553;3,571841459;42,24232456;19
Псковская область;2016;1,474228932;22399;3,461287133;47,74689408;19
Псковская область;2017;1,295055173;23659;3,254842771;52,21014493;17,7
Псковская область;2018;1,257783155;26871;2,86748655;53,095567;17
Псковская область;2019;1,306933468;29441;2,556690588;52,52254448;16,2
Республика Адыгея;2010;1,062642237;12787,4;4,334461756;56,80359435;20,77
Республика Адыгея;2011;1,034921225;14344,9;3,889907591;55,65045992;20,77
Республика Адыгея;2012;0,919206361;16715,2;3,72891982;61,99705594;20,77
Республика Адыгея;2013;0,88818042;19276;3,724924507;64,53488372;19,4
Республика Адыгея;2014;0,903331271;20945;3,867687092;61,50803461;19,5
Республика Адыгея;2015;1,100982624;22087;3,930716705;57,98709157;22,2
Республика Адыгея;2016;1,025370119;23109;4,029644889;49,12696702;22,1
Республика Адыгея;2017;0,885367613;24490;3,871001895;56,15346288;21,7
Республика Адыгея;2018;0,904285777;27469;3,802581157;52,53287871;20,4
Республика Адыгея;2019;1,026115947;30192;3,583016463;48,37545126;20,1
Республика Алтай;2010;2,482544985;14235,8;5,955097641;61,23606493;12,67
Республика Алтай;2011;2,371817735;15632,4;6,1760765;59,74395448;12,67
Республика Алтай;2012;2,261384531;18264,6;5,489409461;65,30095037;12,67
Республика Алтай;2013;2,143188906;20721,9;5,450865901;63,48960637;12
Республика Алтай;2014;2,044443609;22598;4,801715301;66,44434223;11
Республика Алтай;2015;2,480051858;22903;4,513339956;58,72508462;13,9
Республика Алтай;2016;2,236167416;25083;5,497861943;67,57036424;13,4
Республика Алтай;2017;2,128852828;26316;5,409704186;69,31548262;13
Республика Алтай;2018;2,10652556;30953;4,94040208;68,013907;12,8
Республика Алтай;2019;1,944206556;33387;4,768499116;67,80693533;12,6
Республика Башкортостан;2010;1,776201596;16377,7;4,469531228;47,49989626;23,7
Республика Башкортостан;2011;1,683092992;18397;3,899964726;44,68753195;23,7
Республика Башкортостан;2012;1,610249197;20264,7;3,048441134;45,42633526;23,7
Республика Башкортостан;2013;1,288408042;22377,4;2,852439668;54,50379931;21
Республика Башкортостан;2014;1,304668986;24988;2,576838545;51,93651033;20,9
Республика Башкортостан;2015;1,742295577;25928;3,02780899;38,08114128;24,8
Республика Башкортостан;2016;1,605866575;28108;2,850196288;45,11883446;25,6
Республика Башкортостан;2017;1,500467881;30358;2,74254317;45,76201718;25,4
Республика Башкортостан;2018;1,415477079;33753;2,366489958;45,81214738;24
Республика Башкортостан;2019;1,368424592;36465;2,071687083;43,63560807;24,2
Республика Бурятия;2010;2,731198925;17999,7;5,083058943;47,40475292;11,87
Республика Бурятия;2011;2,484600562;19924;4,284358453;50,53652069;11,87
Республика Бурятия;2012;2,41941128;23100,7;3,755146151;50,56366189;11,87
Республика Бурятия;2013;2,4428603;26037,7;3,803214317;53,34735956;10,4
Республика Бурятия;2014;2,519215265;27739;3,942010517;51,37036435;10,8
Республика Бурятия;2015;2,83530313;28386;4,322365918;51,61348347;13
Республика Бурятия;2016;2,387996855;29969;4,424695055;56,22045232;12,5
Республика Бурятия;2017;2,398605334;32237;4,303876171;49,73316391;12,3
Республика Бурятия;2018;2,389593969;35779;4,285840606;49,49172728;12
Республика Бурятия;2019;2,247705677;39673;4,048429622;47,77461479;12,1
Республика Дагестан;2010;0,402561871;10243,5;6,519392657;58,39347079;18,87
Республика Дагестан;2011;0,429452429;11235,8;5,891745137;61,21912351;18,87
Республика Дагестан;2012;0,464461402;13659,6;5,285439389;60,13775921;18,87
Республика Дагестан;2013;0,473878637;16834,7;5,16948361;58,64457616;17,5
Республика Дагестан;2014;0,464102509;18194;4,540257374;63,60280813;18,2
Республика Дагестан;2015;0,503826987;19239;4,672570733;61,65895572;18,9
Республика Дагестан;2016;0,521992353;20629;4,825804449;59,43074004;19,3
Республика Дагестан;2017;0,47849711;21941;5,351614142;63,38307777;19
Республика Дагестан;2018;0,481592556;25155;5,203697164;60,69282193;19,1
Республика Дагестан;2019;0,439794584;26835;5,786911827;68,14412563;20,1
Республика Ингушетия;2010;0,466198209;12855,3;21,54678079;40,44652129;12,6
Республика Ингушетия;2011;0,457505047;14513,2;21,75267272;40,71391619;12,6
Республика Ингушетия;2012;0,410198591;18301,5;22,06501762;42,79329609;12,6
Республика Ингушетия;2013;0,390722737;20150,9;19,59511384;46,19782733;10,2
Республика Ингушетия;2014;0,354018205;20993;13,77769925;54,15896488;10,2
Республика Ингушетия;2015;0,368967446;21481;14,55158071;50,28935185;11
Республика Ингушетия;2016;0,375558092;22488;14,65431871;49,32960894;13
Республика Ингушетия;2017;0,331640713;22750;13,95286407;56,78704857;14,5
Республика Ингушетия;2018;0,335892612;25367;13,45011437;58,06646526;14,7
Республика Ингушетия;2019;0,358404384;27410;13,57237578;53,66666667;14,6
Республика Калмыкия;2010;1,400689975;11601;7,593523364;61,96939783;27,7
Республика Калмыкия;2011;1,320032245;12559,1;7,359379561;57,4098447;27,7
Республика Калмыкия;2012;1,310722982;15040,7;6,675542631;59,42261427;27,7
Республика Калмыкия;2013;1,220145471;17470,8;6,2593392;64,44701795;20,3
Республика Калмыкия;2014;1,029179643;19341;5,688039475;68,70466321;23,9
Республика Калмыкия;2015;1,134636634;20109;5,511909572;67,44405925;29,9
Республика Калмыкия;2016;1,06048845;21318;5,515186798;66,96035242;29,3
Республика Калмыкия;2017;1,094693916;22919;5,038194984;65,32364597;29,6
Республика Калмыкия;2018;1,003178496;26049;4,876126249;69,69807203;30,4
Республика Калмыкия;2019;1,028721068;28617;4,504746387;66,42831605;30,5
Республика Карелия;2010;2,129327035;20056;5,031363742;44,16642421;27,54
Республика Карелия;2011;2,223885951;22173,9;4,431550544;40,98050217;27,54
Республика Карелия;2012;1,798820944;24795,8;3,615344967;46,96916913;27,54
Республика Карелия;2013;1,744312265;27503,3;4,246412424;49,32359307;33,4
Республика Карелия;2014;1,997733114;29371;4,168166348;45,20742789;31,8
Республика Карелия;2015;2,486993112;30704;4,550034537;40,41279144;29,5
Республика Карелия;2016;2,142318426;33061;4,802554743;43,82798574;26,7
Республика Карелия;2017;1,807507567;34434;4,384242209;45,94881785;24,3
Республика Карелия;2018;1,927228348;39402;4,358915245;39,55161452;23,6
Республика Карелия;2019;2,00208097;42964;3,675459656;40,05188909;23,5
Республика Коми;2010;2,176027915;26139,8;5,750694295;62,36171724;15,46
Республика Коми;2011;1,928060224;28897,3;4,582426894;63,85458341;15,46
Республика Коми;2012;1,986021822;33971,4;3,55272091;61,75416643;15,46
Республика Коми;2013;2,248994976;37716,8;4,029910526;54,97488457;13,4
Республика Коми;2014;2,387591435;40222;3,306923554;52,75446213;14,1
Республика Коми;2015;2,780066161;41365;3,856025897;50,05015464;16,2
Республика Коми;2016;2,230898263;43662;4,737422864;55,17983723;16,7
Республика Коми;2017;2,037691318;45689;4,113220576;54,78442523;16,5
Республика Коми;2018;2,002745487;50413;3,830397354;50,45416517;15,6
Республика Коми;2019;2,057907344;53416;3,520796556;51,09214012;15,7
Республика Крым;2010;1,179988157;27026,6;3,084315895;40,90452232;15,24
Республика Крым;2011;1,179988157;27026,6;3,084315895;40,90452232;15,24
Республика Крым;2012;1,179988157;27026,6;3,084315895;40,90452232;15,24
Республика Крым;2013;1,179988157;27026,6;3,084315895;40,90452232;14
Республика Крым;2014;0,968334383;27026,6;3,084315895;26,96185883;14,9
Республика Крым;2015;1,464203994;22440;3,640999184;36,38028877;15,6
Республика Крым;2016;1,243534766;24140;3,232237331;41,35680296;16,1
Республика Крым;2017;1,13494864;26165;3,05151729;47,79144213;15,7
Республика Крым;2018;1,171805361;29640;2,810837657;44,65512626;14,9
Республика Крым;2019;1,097101798;32748;2,685988014;48,28161495;15,5
Республика Марий Эл;2010;1,78224494;12650,6;5,644827117;42,95253419;14,33
Республика Марий Эл;2011;1,56234239;14001,2;5,415169218;44,86257148;14,33
Республика Марий Эл;2012;1,373318426;16023;3,435393287;51,27962085;14,33
Республика Марий Эл;2013;1,196199659;18359,7;2,777596491;50,71532493;23,1
Республика Марий Эл;2014;1,07824899;20473;2,511844897;51,0985308;19,4
Республика Марий Эл;2015;1,217505279;21947;2,773756645;52,95454545;23,1
Республика Марий Эл;2016;1,052716063;23305;3,109992339;58,60826171;23,3
Республика Марий Эл;2017;1,075627498;25440;3,111887498;50,5304679;19,4
Республика Марий Эл;2018;1,124815808;28143;2,440574384;49,66075157;17,3
Республика Марий Эл;2019;1,14046351;30152;2,261953614;47,34330668;17,2
Республика Мордовия;2010;1,019224514;11883,1;2,991901691;62,59533028;18,37
Республика Мордовия;2011;0,936507515;13305,1;2,91876367;57,44817819;18,37
Республика Мордовия;2012;0,949623484;15186,6;2,725635941;55,73917499;18,37
Республика Мордовия;2013;1,031446232;18100,7;2,477923862;53,50772889;18,7
Республика Мордовия;2014;1,099046169;20342;2,342073802;51,31342613;17,6
Республика Мордовия;2015;1,137135581;22029;2,339851343;59,06420022;19,8
Республика Мордовия;2016;1,052107867;23229;2,321667036;60,59287143;18,5
Республика Мордовия;2017;0,986862899;24327;2,288054398;64,16729465;18,2
Республика Мордовия;2018;0,965911931;26712;2,214849803;66,67529107;17,8
Республика Мордовия;2019;1,016585735;28826;2,328561519;60,39702233;18
Республика Саха (Якутия);2010;1,792867973;28708;4,559129372;48,67586287;18,59
Республика Саха (Якутия);2011;1,577544493;34051,5;4,608607429;48,38389191;18,59
Республика Саха (Якутия);2012;1,269098207;39915,6;4,180207969;61,15096051;18,59
Республика Саха (Якутия);2013;1,133282384;46542;3,918173348;65,05311778;16,8
Республика Саха (Якутия);2014;1,12099296;51111;3,903231577;67,68082128;18
Республика Саха (Якутия);2015;1,236158954;54631;3,833282375;64,56187743;19,4
Республика Саха (Якутия);2016;1,287370145;59000;3,643855681;62,51313131;19,8
Республика Саха (Якутия);2017;1,286761272;62206;3,680745385;64,16646504;19,6
Республика Саха (Якутия);2018;1,236034293;40740;3,570478083;63,55563003;18,6
Республика Саха (Якутия);2019;1,277666266;43896;3,549141724;62,52522806;17,9
Республика Сев. Осетия-Алания;2010;0,986937265;11817,6;5,164569121;48,96129767;13,64
Республика Сев. Осетия-Алания;2011;0,931121229;13376;4,157122838;56,633424;13,64
Республика Сев. Осетия-Алания;2012;0,886263968;15896,7;3,927629078;61,07478871;13,64
Республика Сев. Осетия-Алания;2013;0,856960499;18664;3,938302248;63,30685204;12,6
Республика Сев. Осетия-Алания;2014;0,84825382;20311;4,143628375;64,71473984;12,5
Республика Сев. Осетия-Алания;2015;0,95499406;21267;4,353398902;61,77170036;14,2
Республика Сев. Осетия-Алания;2016;1,00013646;22806;4,533307558;54,235361;14,3
Республика Сев. Осетия-Алания;2017;1,017064477;24715;5,604886465;59,60811756;14,4
Республика Сев. Осетия-Алания;2018;1,028396535;26958;5,208077567;59,49472515;14
Республика Сев. Осетия-Алания;2019;1,361375501;28751;5,374016538;45,11206987;13,5
Республика Татарстан;2010;1,552283417;17350,1;3,335603997;45,0543654;7,07
Республика Татарстан;2011;1,457525379;20009,4;2,499698973;42,79077335;7,07
Республика Татарстан;2012;1,352982849;23233,7;2,218662109;39,72161911;7,07
Республика Татарстан;2013;1,201550651;26034,5;2,107028109;44,22980813;6,8
Республика Татарстан;2014;1,164160969;28294;2,099394457;42,74580737;7
Республика Татарстан;2015;1,348564936;29147;2,123653151;40,55299539;7,1
Республика Татарстан;2016;1,241942527;30224;1,998147532;44,87850467;7,5
Республика Татарстан;2017;1,184980698;32324;1,819028796;46,20224329;7,2
Республика Татарстан;2018;1,118606241;35172;1,737989599;46,37498279;7
Республика Татарстан;2019;1,277674749;37418;1,70300234;37,15764763;6,9
Республика Тыва;2010;1,94749909;17530;8,957910882;71,56682797;35,4
Республика Тыва;2011;1,798930488;19163,1;7,548123172;73,76665466;35,4
Республика Тыва;2012;1,910591667;22238,5;7,094132376;69,32950515;35,4
Республика Тыва;2013;1,972935618;25087,2;7,558098422;71,19582926;33
Республика Тыва;2014;2,106353591;27507;7,616508083;64,48087432;35,2
Республика Тыва;2015;2,681550399;28322;7,376408457;52,22182723;36,9
Республика Тыва;2016;3,441892442;29828;6,710018827;42,56001466;37,8
Республика Тыва;2017;3,644712387;31251;7,225701657;42,65512513;35,8
Республика Тыва;2018;2,864368115;37874;5,818189697;55,04646639;34,4
Республика Тыва;2019;2,646807936;40548;4,429245601;53,55900765;34,7
Республика Хакасия;2010;2,204265436;18358,4;4,555945113;57,11364798;18,64
Республика Хакасия;2011;2,029086263;20689,5;3,649687154;55,06065376;18,64
Республика Хакасия;2012;2,073303541;23466,5;3,900071351;54,60967216;18,64
Республика Хакасия;2013;1,975065223;26068,3;2,969345069;60,35300816;17,8
Республика Хакасия;2014;2,602357656;29085;3,014928833;50,85841534;18,2
Республика Хакасия;2015;2,568391296;29935;2,860584498;56,03310585;19,2
Республика Хакасия;2016;2,057238587;32515;3,035785751;62,92978646;19,1
Республика Хакасия;2017;2,144381137;33978;2,36648307;59,17765441;18,8
Республика Хакасия;2018;2,037851129;25519;2,46479398;59,10420475;18,5
Республика Хакасия;2019;1,987986136;27962;2,763749148;58,10150376;18,9
Ростовская область;2010;1,386402193;15243,9;3,903552314;40,22380262;13,61
Ростовская область;2011;1,318717984;16949,5;3,736539444;40,41078853;13,61
Ростовская область;2012;1,231812643;19189,4;3,056091326;41,4674141;13,61
Ростовская область;2013;1,219485223;21867,1;3,027784;41,511509;13,2
Ростовская область;2014;1,274351372;23818;2,963966779;40,99961169;13,1
Ростовская область;2015;1,468988261;25008;3,074092247;42,36803649;14,4
Ростовская область;2016;1,362668583;26689;2,973395709;44,40727323;14,2
Ростовская область;2017;1,398825292;28500;2,848195995;41,55431123;13,9
Ростовская область;2018;1,316906121;31448;2,593374248;44,4608727;13,2
Ростовская область;2019;1,450308816;33757;2,40943546;41,83767278;13,3
Рязанская область;2010;0,915698353;15288,9;4,175058911;48,76805438;12,59
Рязанская область;2011;0,844761583;16717,7;3,585280838;44,04075751;12,59
Рязанская область;2012;0,832320152;19098,4;2,247866215;46,92444724;12,59
Рязанская область;2013;0,848656789;21796,5;2,288083014;59,73396577;12,3
Рязанская область;2014;0,848401033;24280;2,097719;58,54391052;11
Рязанская область;2015;0,914924552;25482;2,211656195;57,21729062;13
Рязанская область;2016;0,844011233;27261;2,107458121;59,57580848;12,8
Рязанская область;2017;0,848851577;28819;1,954885078;56,94822888;13,3
Рязанская область;2018;0,83628182;31916;1,966532624;54,7817715;13
Рязанская область;2019;0,922183875;34488;1,901228259;51,92195122;12,7
Самарская область;2010;2,105832305;16479,4;3,143273536;35,68203282;12,87
Самарская область;2011;1,94249022;18600,3;2,751557849;37,9373849;12,87
Самарская область;2012;1,883605602;20799,9;1,867175824;37,60593395;12,87
Самарская область;2013;1,622077816;23469,5;1,734429392;42,31263794;12,3
Самарская область;2014;1,58007753;25884;1,654207391;42,36369727;12,3
Самарская область;2015;1,538142756;26849;1,871141128;45,20298193;13,1
Самарская область;2016;1,376111721;28295;2,242398732;51,11106072;13,5
Самарская область;2017;1,376510194;30492;2,258115748;45,48820096;13,3
Самарская область;2018;1,300420666;33754;2,000767813;43,84843588;12,7
Самарская область;2019;1,340338888;36431;2,062248431;38,63742964;12,9
Саратовская область;2010;1,516207834;14554;3,395324287;40,78810021;15,86
Саратовская область;2011;1,302297756;16204,7;3,112467771;46,57605376;15,86
Саратовская область;2012;1,146435257;18803,3;2,752402307;50,85624782;15,86
Саратовская область;2013;1,132432614;20668;2,628195692;49,80572236;15
Саратовская область;2014;1,089551497;22012;2,340038512;51,89463616;15
Саратовская область;2015;1,194927311;22528;2,370659971;49,89414255;16,9
Саратовская область;2016;1,007733771;23548;2,563306507;53,17669624;16,8
Саратовская область;2017;1,166805943;24738;2,322968874;46,40516075;16,5
Саратовская область;2018;1,184070033;26823;2,461129859;48,6049876;15,3
Саратовская область;2019;1,205706283;30717;2,136257354;42,91318438;15,5
Сахалинская область;2010;2,175917019;35847,9;5,124366744;49,38294345;9,39
Сахалинская область;2011;2,021085734;38770,7;4,617695083;54,46838221;9,39
Сахалинская область;2012;2,066952429;44207,6;4,427421002;46,21256606;9,39
Сахалинская область;2013;2,506887948;49006,9;4,172389691;41,20603015;9,9
Сахалинская область;2014;2,350176023;54896;3,74876457;42,86210792;9,7
Сахалинская область;2015;2,310174196;61311;3,638883081;49,64507542;10
Сахалинская область;2016;2,513353731;64959;3,619409953;42,33344219;9,9
Сахалинская область;2017;2,342444088;68496;3,367071566;42,85090401;9,2
Сахалинская область;2018;2,040374763;77499;3,011981793;48,84953982;8,5
Сахалинская область;2019;1,937837843;87418;2,906859026;44,42216359;8,5
Свердловская область;2010;2,240887375;19756,7;4,506060984;42,19161602;9,31
Свердловская область;2011;1,79775986;22179,2;3,885101606;44,85758982;9,31
Свердловская область;2012;1,659410462;25138,8;3,092831803;45,51286531;9,31
Свердловская область;2013;1,603217783;27608,2;3,156600598;47,12628736;8,4
Свердловская область;2014;1,610680113;29492;3,201101554;47,41769208;8,5
Свердловская область;2015;1,669470023;30691;3,452113884;48,70687866;9,9
Свердловская область;2016;1,465560687;32348;3,181417354;50,3766508;10,2
Свердловская область;2017;1,347283837;34760;2,746285847;51,87904153;9,8
Свердловская область;2018;1,283052774;38052;2,384389501;53,40404806;9,5
Свердловская область;2019;1,339078501;41110;2,06884;48,9135516;8,9
Смоленская область;2010;2,11599349;14513;4,133601632;37,79956948;16,63
Смоленская область;2011;1,855992503;16189,4;4,224980518;45,16465423;16,63
Смоленская область;2012;1,737307419;17941,6;3,164030741;47,15681658;16,63
Смоленская область;2013;1,519030077;20447,3;2,892003528;53,11695352;15,7
Смоленская область;2014;1,423304148;22279;2,784828989;57,99040279;15,7
Смоленская область;2015;1,430888729;23470;3,412255254;55,84623211;17,6
Смоленская область;2016;1,430775749;25097;3,289936867;49,65270162;17,8
Смоленская область;2017;1,366800067;26269;3,136849254;51,11521304;16,9
Смоленская область;2018;1,324197341;29397;2,774946715;51,28143713;16,4
Смоленская область;2019;1,487068851;31269;2,691703289;46,56111191;16,3
Ставропольский край;2010;1,298744252;13949;3,383651914;52,1286608;13,77
Ставропольский край;2011;1,245604798;15588,7;2,957925576;49,026105;13,77
Ставропольский край;2012;1,275912033;18446,9;2,662476734;53,53248651;13,77
Ставропольский край;2013;1,211718206;20666,9;2,752407573;56,54126895;12,4
Ставропольский край;2014;1,196858051;22597;2,610556348;52,95136814;12,2
Ставропольский край;2015;1,294716902;23245;2,777433598;49,16572437;14,6
Ставропольский край;2016;1,224977613;24655;2,794729913;49,22239049;15
Ставропольский край;2017;1,13204935;26645;2,50406062;48,96929963;14,3
Ставропольский край;2018;1,154520547;29065;2,465262166;46,98325233;13,9
Ставропольский край;2019;1,241119551;31836;2,39125558;41,56401105;14
Тамбовская область;2010;1,259734624;12623,9;3,963916231;56,53372009;10
Тамбовская область;2011;1,247373684;14292,9;3,308099827;54,93061707;10
Тамбовская область;2012;1,08687695;16866,3;2,415982253;60,50814221;10
Тамбовская область;2013;1,09312243;19056;2,298615832;59,75942672;8,2
Тамбовская область;2014;1,076592626;20757;2,136200744;59,27830559;9,6
Тамбовская область;2015;1,252605651;21725;2,297895221;56,28022975;10,7
Тамбовская область;2016;1,165012135;22795;2,259518937;58,17868287;10,6
Тамбовская область;2017;1,109997792;24253;2,167533481;56,42050391;10,4
Тамбовская область;2018;1,171982876;26660;2,005251967;55,29558701;9,8
Тамбовская область;2019;1,251585741;28697;1,938583507;52,70974878;10,7
Тверская область;2010;2,20209515;16155,3;3,465917168;29,91504448;12,19
Тверская область;2011;2,149548748;17747,3;3,214443042;28,90517003;12,19
Тверская область;2012;1,904971864;20246,1;2,726640909;33,52948099;12,19
Тверская область;2013;1,514753827;22449,9;2,879092697;42,43086242;11,6
Тверская область;2014;1,537086414;23866;2,881847655;43,52946974;11,6
Тверская область;2015;1,750200587;24804;2,98715863;43,33071622;13
Тверская область;2016;1,613812116;26193;3,069641005;42,45903201;12,8
Тверская область;2017;1,553936339;27612;2,405109987;40,61144083;12,4
Тверская область;2018;1,533654878;31049;2,183662632;41,02956948;12,2
Тверская область;2019;1,638884212;33524;2,113110837;37,24194482;11,7
Томская область;2010;2,785639875;21450,2;4,000126389;35,49307394;14,31
Томская область;2011;2,165612837;24001;4,406808952;41,05318543;14,31
Томская область;2012;2,18247554;26725,4;3,91961523;38,57747452;14,31
Томская область;2013;1,938835462;29813,5;3,670584443;43,3763472;13
Томская область;2014;1,922614218;32042;3,895214914;44,00465658;13
Томская область;2015;2,147994437;34041;3,755922232;43,84522161;14,9
Томская область;2016;1,895667761;36032;3,682319781;46,24608457;15
Томская область;2017;1,741448286;37518;3,135589685;52,04173987;14,8
Томская область;2018;1,657078232;36047;3,198000484;51,9791725;14,7
Томская область;2019;1,637679614;39115;2,736575617;48,72593431;14,8
Тульская область;2010;1,022733985;15640,7;3,017158355;55,50254253;10,04
Тульская область;2011;0,948729448;17225,1;2,746539764;54,29466658;10,04
Тульская область;2012;0,900623338;20121,3;2,428680069;50,86605081;10,04
Тульская область;2013;0,823004572;23030,3;2,223166724;56,05156362;9,7
Тульская область;2014;0,809273999;25873;2,205553355;54,12425698;9,8
Тульская область;2015;0,874167554;27555;2,201379066;52,31818182;10,6
Тульская область;2016;0,798972673;29402;2,19338226;51,4823451;10
Тульская область;2017;0,839107911;31637;2,049362278;51,75298805;9,9
Тульская область;2018;0,904306565;34662;2,060744464;49,14383562;10
Тульская область;2019;0,885993078;38151;2,027271147;48,16035566;10,3
Тюменская область;2010;1,128085542;38212,7;3,82596852;30,0169868;12,67
Тюменская область;2011;1,023554694;42289;3,239003459;30,56188091;12,67
Тюменская область;2012;0,844031137;47177,3;2,894526093;40,6391297;12,67
Тюменская область;2013;0,955019592;51008,6;2,561673271;38,3880349;11,8
Тюменская область;2014;0,84875242;54498;2,543030384;43,43097064;12,3
Тюменская область;2015;0,860913036;56616;2,64132088;44,39136189;14
Тюменская область;2016;0,755025485;60090;2,482765484;49,75606204;13,8
Тюменская область;2017;0,719544423;63789;2,071913639;48,22697717;12,8
Тюменская область;2018;0,691416421;68664;1,662538412;46,09384141;12,1
Тюменская область;2019;0,712465363;72747;1,554654606;42,23581507;11,9
Удмуртская Республика ;2010;2,148739815;14291,1;5,091436366;40,33312958;12,17
Удмуртская Республика ;2011;1,840722993;15843,3;3,820857797;45,31378509;12,17
Удмуртская Республика ;2012;1,802830375;18240,7;3,282251492;49,9433583;12,17
Удмуртская Республика ;2013;1,779261631;21053,4;3,086918097;51,09637751;11,8
Удмуртская Республика ;2014;1,771283912;23421;2,750878063;50,13581395;11,9
Удмуртская Республика ;2015;1,947383475;24694;2,694293484;49,5735752;12,3
Удмуртская Республика ;2016;1,728351115;26693;2,789198382;52,55730577;12,4
Удмуртская Республика ;2017;1,595646018;28995;2,514827369;50,92044843;12,2
Удмуртская Республика ;2018;1,674793539;31808;2,501761337;49,47613964;12,2
Удмуртская Республика ;2019;1,798996391;34052;2,169831642;43,96895787;12,4
Ульяновская область;2010;1,368121202;13339;4,536665833;47,07872772;14,51
Ульяновская область;2011;1,288438186;15008,6;3,674299495;49,82199964;14,51
Ульяновская область;2012;1,280303155;17107,4;2,964035576;48,55187584;14,51
Ульяновская область;2013;1,182432432;19186,9;2,946364506;52,37873445;13,8
Ульяновская область;2014;1,219788863;21272;2,451830158;51,57151189;12,7
Ульяновская область;2015;1,306261086;22846;2,537368511;48,03159174;14,8
Ульяновская область;2016;1,220549785;24334;2,367727966;44,56628157;14,7
Ульяновская область;2017;1,08709568;26254;2,263489076;49,40379803;14,9
Ульяновская область;2018;1,060348519;28353;1,884804703;51,77229602;15,3
Ульяновская область;2019;1,02607526;30677;1,860759083;53,25752191;15,4
Хабаровский край;2010;2,401161318;22656,5;4,898306684;47,17057022;12,84
Хабаровский край;2011;2,047546698;26155,7;3,698796437;46,72268296;12,84
Хабаровский край;2012;1,97678724;31076,1;3,548070111;50,26004372;12,84
Хабаровский край;2013;2,122674398;34132,3;3,147434334;49,21482522;12,5
Хабаровский край;2014;2,210277289;36781;3,275762672;46,94573958;13,4
Хабаровский край;2015;2,315577282;38041;2,91366457;45,4178246;14,1
Хабаровский край;2016;2,024704574;40109;2,744761129;48,53006517;13
Хабаровский край;2017;1,805157507;42465;2,679294679;49,83557424;12,5
Хабаровский край;2018;1,698937343;47153;2,06213813;50,05997601;12,2
Хабаровский край;2019;1,815621168;50213;2,031766545;45,78111947;12,2
Челябинская область;2010;2,422093606;17370,2;4,020926052;38,54589475;12,73
Челябинская область;2011;2,215511253;20015;3,573030529;42,0697442;12,73
Челябинская область;2012;2,025924087;22500,5;3,45130957;44,42932664;12,73
Челябинская область;2013;1,940927205;25650,5;3,247332096;44,63090718;11,1
Челябинская область;2014;1,79490695;27683;3,323474531;46,03559354;11,7
Челябинская область;2015;2,017779391;29642;3,698890681;47,94340104;13,7
Челябинская область;2016;1,844228176;30941;3,725925805;49,46419722;13,8
Челябинская область;2017;1,950236142;32253;3,530541253;44,51497515;13,2
Челябинская область;2018;1,861499629;35219;3,022418526;45,91594462;12,8
Челябинская область;2019;1,917770964;37433;2,740026753;41,49052834;12,8
Чеченская Республика;2010;0,362850048;13918,7;18,87620247;64,96398166;18,17
Чеченская Республика;2011;0,330115727;14431,4;15,92897623;65,4913023;18,17
Чеченская Республика;2012;0,298370875;17384,9;13,54363189;68,92064302;18,17
Чеченская Республика;2013;0,272236789;20864,8;13,08204091;72,38723872;17,8
Чеченская Республика;2014;0,257664981;21452;10,00181838;72,05714286;14,2
Чеченская Республика;2015;0,247789787;22304;7,653919058;79,15328467;16
Чеченская Республика;2016;0,265073143;22926;6,982110589;73,70400215;17,3
Чеченская Республика;2017;0,277223945;23249;6,109306042;77,63723754;20,7
Чеченская Республика;2018;0,230136714;26177;5,964549271;80,27027027;20,5
Чеченская Республика;2019;0,257453479;27757;5,784017037;79,80947341;20,7
Чувашская Республика;2010;1,454134864;13004,4;5,058949796;48,95461779;17,6
Чувашская Республика;2011;1,440623336;14896,3;4,145856106;48,53251807;17,6
Чувашская Республика;2012;1,327795365;17187,4;3,081057032;51,79025039;17,6
Чувашская Республика;2013;1,140043505;19387,5;3,081161659;55,04379768;16,5
Чувашская Республика;2014;1,112323531;20854;2,740051072;52,27107822;16,4
Чувашская Республика;2015;1,267870853;21369;2,686951954;49,38169301;17,9
Чувашская Республика;2016;1,119194723;22908;2,744275816;50,56374675;18,8
Чувашская Республика;2017;1,037219596;24530;2,582834072;53,18899484;18,4
Чувашская Республика;2018;0,963450169;27036;2,539649429;56,41069012;17,8
Чувашская Республика;2019;1,018347459;29671;2,318030813;50,48270314;17,4
Чукотский АО;2010;1,613379824;46865,7;2,913539389;68,86446886;8,33
Чукотский АО;2011;1,436832652;53369,3;3,641423412;68,95604396;8,33
Чукотский АО;2012;1,648848361;60807,4;2,786730603;61,62097735;8,33
Чукотский АО;2013;1,567064025;68261,3;2,131522855;76,82619647;7,5
Чукотский АО;2014;1,276014877;76285;2,130648097;75,19379845;7,6
Чукотский АО;2015;1,616715327;79531;2,574033248;65,84766585;8,6
Чукотский АО;2016;1,600320064;86647;2,284456891;64,5;8,6
Чукотский АО;2017;1,43591812;91995;1,847332863;78,08988764;8,5
Чукотский АО;2018;1,510989011;98864;1,882676147;71,92513369;8,8
Чукотский АО;2019;1,550775388;107107;2,343171586;72,51612903;8,7
Ярославская область;2010;1,673086135;16075,8;3,99162085;41,57724568;10,59
Ярославская область;2011;1,45418869;18111;2,712786129;44,31639885;10,59
Ярославская область;2012;1,35894808;20397;1,782513248;44,92099323;10,59
Ярославская область;2013;1,210173002;23003,3;2,373087136;46,84860299;10,8
Ярославская область;2014;1,219787418;25434;2,07690983;46,57684373;10,3
Ярославская область;2015;1,710921227;26748;2,889907067;37,76368399;10,8
Ярославская область;2016;1,447388707;28520;3,55180898;40,97059942;11
Ярославская область;2017;1,409309184;30720;3,477026675;41,16264757;10,7
Ярославская область;2018;1,323409216;33474;2,885047931;38,16277678;10,2
Ярославская область;2019;1,409390044;36016;2,788457789;34,89186289;10,3
г. Москва;2010;1,622029186;38410,5;1,001210037;20,89386857;7,97
г. Москва;2011;1,469347839;44898,7;0,807215501;19,48879213;7,97
г. Москва;2012;1,512327686;48830,4;0,45945428;18,35996449;7,97
г. Москва;2013;1,452935525;55485,2;0,972094322;21,23035602;8,7
г. Москва;2014;1,50476519;61208;0,859430889;20,44096176;8,8
г. Москва;2015;1,591986406;64310;1,020502434;20,59988015;8,9
г. Москва;2016;1,407466131;71379;1,028409047;21,14285386;8,5
г. Москва;2017;1,12615628;73812;0,800437752;23,78651862;7,5
г. Москва;2018;1,118887198;83801;0,717505861;22,83872437;6,8
г. Москва;2019;1,123464903;94294;0,786973402;20,62837396;6,6
г. Санкт-Петербург;2010;1,322838309;28045,8;0,210233021;37,79711046;7,74
г. Санкт-Петербург;2011;1,204113204;28045,8;0,210233021;37,74570957;7,74
г. Санкт-Петербург;2012;1,130904064;28045,8;0,210233021;38,46276511;7,74
г. Санкт-Петербург;2013;1,084848713;28045,8;0,210233021;42,0068953;8,2
г. Санкт-Петербург;2014;1,093859215;28045,8;0,210233021;41,29075678;8,7
г. Санкт-Петербург;2015;1,084341744;21848;0,317815036;42,6575779;8,5
г. Санкт-Петербург;2016;0,996472156;24259;0,228070703;41,46434643;8,3
г. Санкт-Петербург;2017;0,980635376;27687;0,173301131;40,59227435;7,3
г. Санкт-Петербург;2018;0,957914362;31814;0,172860509;41,69389343;6,6
г. Санкт-Петербург;2019;0,902007187;34621;0,159117726;40,11351718;6,6
г. Севастополь;2010;1,309439292;27189,5;11,36739966;34,28714313;8,59
г. Севастополь;2011;1,309439292;29522;11,36739966;34,28714313;8,59
г. Севастополь;2012;1,309439292;32930,2;11,36739966;34,28714313;8,59
г. Севастополь;2013;1,309439292;36848;11,36739966;34,28714313;12,02
г. Севастополь;2014;1,475652892;40697;10,09488373;15,27266351;12,02
г. Севастополь;2015;2,030332321;44187;15,1884853;23,87626873;15,1
г. Севастополь;2016;1,349800122;48703;11,77921313;36,92793267;11,7
г. Севастополь;2017;1,122917784;53740;11,62389765;41,73698292;10,9
г. Севастополь;2018;0,928078992;60421;10,15363424;46,82831252;10,8
г. Севастополь;2019;0,949853645;65872;9,364283889;41,08069844;11,6
